id;name;category;gender;birthdate;coach_name
285d72af-7cb4-41d5-83f8-e89c6c9d5154;Michael Carr;1;False;2011-03-13 12:01:23;Victoria Gomez
9949b062-2990-4dbc-a388-cf07c31851f8;Taylor Allen;1;True;2010-02-04 13:06:23;Jessica Vasquez
0ff5a0bd-d366-42e4-88d3-5ca8ad3566b3;Edward Brown;7;False;2019-03-23 08:01:23;Nicole Cruz
08d40fab-eff2-4191-8980-8de1b9d77229;Carl Kirby;8;True;2018-04-07 19:01:23;Lauren Reed
83389557-119a-4e39-910c-56c67a6ceb73;Jeffrey Gordon;5;False;2002-07-13 18:01:23;Ruth Fleming
cd3d0db3-179a-4c1a-9a16-61dea12a6845;Carrie Hancock;7;False;2007-12-25 10:04:23;Jon Taylor
42948781-7198-45f7-b57c-c36508aa0d8a;Andrew Williams;8;False;2002-07-23 12:01:23;Daniel Page
913ad971-2ba0-445f-ad3f-48fad5f82731;Christine Hendrix;3;False;2022-05-01 08:04:23;Shane Greene
be5befd8-e761-4073-9c49-b1a62ab45c5b;Ashley Price;1;True;2003-02-23 08:06:23;Kenneth Adams
8da36e3d-03e4-4fc0-b36e-03995cf7cbac;Vanessa Diaz;3;False;2002-06-18 13:05:23;Joshua Ochoa
a5809232-a880-4c4e-9003-e359e159c2bb;Jon Vasquez;5;True;2010-10-03 08:06:23;Mary Jones
d7fd51d7-eb77-4643-a7d5-7554a0ff7c63;Tanya Reed;6;False;2013-03-05 19:03:23;Lisa Powell
ca024250-ed90-4bbf-a893-26dfdb598e23;Meredith Russell;1;True;2014-03-18 12:03:23;David Arnold
60968c04-ca53-4390-ad21-35419b150767;Lisa Williams;1;False;2015-01-10 12:01:23;Katie Pittman
b0d18f06-feaf-4c4f-90ad-fbfb46560d05;Luis Todd;7;True;2000-10-09 13:06:23;Dr. Karen Lopez PhD
ce37839b-e31a-49d4-acda-b5ffdc52da62;Thomas Watkins;2;False;2023-09-01 09:06:23;Michaela Reynolds
97a4b1b0-1383-4dda-8c4b-fa9bf9ade437;Robert Martinez;8;False;2023-01-24 10:04:23;Taylor Ruiz
29d6d6d8-2bf4-4800-bfee-9fcb112e2bae;Kyle Lozano;7;True;2000-12-28 16:02:23;Patricia Hines
d5141621-9002-43e5-973f-518156c92df8;Edwin Rogers;7;True;2016-12-04 16:05:23;Steven Rhodes
36df9c8f-e5cc-4999-81f8-0a010dda9ad9;John Garcia;4;False;2014-07-21 17:03:23;Shawn Roberson
893b31ad-229f-4298-9b9b-1c6f060ea110;Jenna Robinson;7;True;2003-02-18 19:04:23;Claudia Johnson
305eeb1e-527f-4b65-bc03-9537eb46053c;Jose Williams;7;False;2022-02-18 11:02:23;Angelica Lee
079a3075-82e5-4a7b-aed0-60a58ee4c085;Sandra Maynard;6;False;2002-02-06 10:02:23;Sylvia Oconnor
9f3119c1-dfdb-432c-a111-82f9e548d22c;Karen Spencer;6;False;2020-11-20 09:02:23;Jose Sanchez
55db8667-c301-4900-92c5-531ec26dfc1c;Zachary Cruz;1;False;2007-09-17 15:02:23;Anthony Mcpherson
23972eeb-e987-4bb8-9c61-f21df9cf00c9;Frank Donaldson;3;False;2023-05-28 19:01:23;Anne Wilkins
f5dd80a6-4ea6-47d5-96ec-45aecf99742c;Ryan Beck;5;False;2020-05-16 19:03:23;Aaron Duffy
d5249c96-f586-4254-a8a9-d05a160c9c01;Rebecca Velez;8;False;2008-11-01 14:04:23;Anna Swanson
275675dd-dc1b-433d-b2d8-54a93967ca24;Patrick Santos;8;True;2010-11-22 13:06:23;Natalie Hill
7b572833-b9b9-4b2b-9ea3-0f41200731c1;Mckenzie Bryant;1;False;2003-09-08 13:02:23;Annette Arias
5919ace8-06a2-41f7-93f8-e82a384cc1da;Jackson Weaver;2;True;2012-04-13 16:01:23;Martin Ortiz
a6fd7687-4ea0-4bb8-b011-23b3ee007111;Sean Davis III;2;False;2008-04-09 15:01:23;Randy Johnson
08e79531-f18c-4d79-ae78-630d0ba23b3b;Jordan Stuart;5;True;2020-10-22 18:06:23;Michael Griffin
47e91874-9d92-492e-8231-0254c60b5a50;Lori Wolf;3;False;2008-11-11 19:03:23;Douglas Fisher
2a876cd4-4e59-4056-a6de-75e5b8ce7bd0;Linda Morgan;4;True;2005-05-18 17:03:23;Bryan Meyer
4ddb0b78-6440-4a17-822c-3fbccebe2fb6;Patrick Stevenson;2;False;2018-02-08 16:01:23;Nancy Gutierrez
87bf0bee-f258-4a13-8705-6abc31d108df;Derrick Woods;7;True;2016-09-13 19:01:23;Margaret Morgan
d515b689-e8ba-4b30-824c-b04f919c716d;Veronica Perez;7;True;2020-12-09 13:05:23;Taylor Kaufman
048d9a19-002c-41d1-bf12-9ca5822bee23;Brian Williams;3;True;2002-11-11 12:04:23;Tara Pearson
fb49311a-465a-447a-ae9b-0bb93e15737c;Eric Williams;3;True;2017-02-11 11:05:23;Brandon Gamble
3342bdf1-383e-4c36-af9f-aab35b870123;Danny Oliver;6;False;2010-07-02 19:02:23;Leslie Wagner
5ecbdf0b-7093-49db-959d-f2a24c187951;Savannah Matthews;2;False;2000-08-25 09:02:23;Mark Miller
2371567d-4e0a-4a6b-be33-af68d360c102;Tara Harris;1;False;2001-03-17 15:06:23;Sara Sandoval
9191b5f7-174c-4fb0-ba40-18b59802846c;Jonathan Trujillo;2;True;2020-12-02 19:06:23;Laura Lopez
d8aaa34c-e21c-4a04-a765-d9ad592a9fd4;Christopher Santiago;8;False;2016-01-16 11:02:23;Duane Guzman
771fb1c0-c940-42c7-8442-5b37803caaca;Melinda Hughes;5;True;2016-07-19 08:05:23;Rhonda Lara
3dbc2d10-921b-4d67-9dab-8c8b15da4570;James Brown;8;False;2000-12-08 14:06:23;Melinda Doyle
34d50709-8be0-40e7-b9dc-d61579c57c11;Mr. Antonio Garrison;2;True;2018-07-16 08:05:23;Michael Sanders
92794347-d0c3-4584-9edc-d871ecbfe293;Sean Humphrey;2;True;2014-05-04 10:01:23;Emily Cline
64b0b70f-5bfa-4bc4-afd2-7adfedf5d9f3;Sarah Garcia;4;True;2019-10-13 16:04:23;David Miller
41a9c9b6-d8f9-4a0c-aace-2e52035a9456;Natasha Sellers;2;True;2023-08-24 17:05:23;Annette Preston
01648cdb-8321-4179-aef3-7a3ea439b71a;Bryan Smith;4;False;2020-12-04 16:04:23;David Wagner
c799ec43-ea82-499b-b7a1-8756def22a40;Michael Allen;2;True;2002-10-05 18:05:23;Javier Juarez
9e863053-0766-4509-978e-e9a05fc0c038;Ronnie Cunningham;7;True;2004-11-12 12:02:23;Debbie Riley
3d6fc179-0a16-43a0-bfd6-b6a023665649;Darren Sexton MD;1;True;2008-09-12 11:06:23;Ronald Owen
ae565a9f-c90b-4d29-9c54-97ae0aec4e34;Sharon Harris;7;False;2008-07-12 16:04:23;Tammy Scott
afae7740-96cf-4616-8da4-d6f62b6b0819;Alexandra Burgess;7;True;2010-11-02 13:04:23;Trevor Odom
01a43b58-3538-408d-849c-d9e7d12dd919;Roberto Hernandez;3;True;2003-03-09 10:04:23;Brenda Frye
57410295-28e9-407a-954a-1a5f466f77e1;Steven Hunt;5;False;2001-06-22 14:05:23;Rachel Allen
322fc1d6-5ae8-4c2f-80d1-fa6361febb4b;Joe Wilson;8;False;2019-04-15 17:01:23;John Romero
a68bf2bc-152d-4b4f-aeb5-765952c17cf1;Valerie Patrick;1;True;2006-08-14 14:01:23;Samantha King
04400e89-0d5d-44cf-8f0d-c385048d33cc;Brian Norris;5;False;2015-12-14 18:02:23;Mr. Martin Franklin Jr.
d76a7b70-ad4a-4b15-8e52-bb4c443dc726;Melissa Baker;1;True;2000-08-27 08:03:23;Katie Haley
927cbcbc-a80a-4252-889c-22288b44a551;Paul Garrett;6;False;2007-08-15 08:06:23;Jeremiah Lawson
47be6f07-ca77-410d-b0d9-38b0575fdbca;Wendy Harrison;7;False;2017-07-16 14:04:23;Dennis Wheeler
ba4abe34-5550-4501-af45-faa74cbd6b5a;Ashley Ruiz;5;True;2020-10-15 08:06:23;Maria Klein
5041929f-b17a-48f2-bcfd-de0e6d27262d;Mercedes Espinoza;3;False;2008-06-26 08:06:23;Kyle Horton
a1088e55-e52a-41fe-acfc-7c9f197a26e0;Timothy Sullivan;1;False;2012-06-05 12:03:23;Meredith Webb
41f3b3c0-2a0f-49b8-8c8b-8b9116aebfe4;Christopher Morgan;8;True;2016-08-09 10:03:23;Mary Torres
98f79db6-1415-4686-8b99-fae0a833adf7;Isaiah Rodriguez;3;True;2006-10-19 15:05:23;Alexandra Hill
8dcc3596-0975-4078-bc58-2d3ae8511957;Andrea Young;6;True;2003-04-02 10:02:23;Lori Gray
a7368dde-e092-4299-ac3c-6d591eab8b0e;Rodney Burke;7;True;2005-04-13 19:01:23;Kathryn Moreno
6e4235d6-bf3d-4714-bd2d-dd10a5c5aa8e;Jeffrey Walker;1;True;2000-11-06 08:02:23;Gerald Werner
c3112f60-1e57-40e8-b2a2-2e224240f2d6;Nicholas Burton;5;False;2011-11-13 11:04:23;Melissa Delacruz
e1f431f6-7fb4-45ca-b191-ba27da2396b2;James Anderson;5;True;2009-01-22 18:01:23;Craig Lewis
38a9ae9d-3484-40e3-b40d-c29398567eca;Michael Yates;3;True;2017-09-08 12:03:23;Angel Roberts
2d768616-216d-4a4c-b32f-93f4cb71b36b;Patricia Griffith MD;7;False;2011-07-21 11:06:23;Brittany Bentley
248a2aec-a1dd-479d-89c8-cbeb910888a7;Brooke Lara;6;False;2017-10-12 11:02:23;Richard Hale
e3080972-cfa1-4d73-a657-84a4539426c6;Nicholas Burke;5;True;2001-11-20 08:05:23;Brandy Caldwell
1c2e104b-28e5-4849-b5ec-11f0f710529c;Mark Carter;4;False;2001-09-01 12:02:23;Shane Rodriguez
f40b7b6b-57a1-431d-ae5c-18af74173872;Theresa Butler;8;True;2007-09-11 15:06:23;Scott Bryan
10f78a30-0880-422a-9015-c65a8fd5bcdc;Anthony Spencer;3;False;2014-02-08 19:03:23;Troy Davis
054c2ea4-c9dd-48b1-8bd7-55bd388d5bde;Jonathan Obrien;2;True;2023-02-14 17:01:23;Catherine Daniel
d6ec2d1b-df58-46f2-a2e9-a028089a1ede;Nancy Mendez;2;True;2001-05-22 18:02:23;Matthew Cain
9c113f90-217d-40a1-b79d-a40c2febf256;Cynthia Short;7;True;2016-06-25 16:02:23;Jasmine Davis
25eefb9d-c6e5-432c-81d5-b6ef94d0e7c6;Phillip Ferguson;7;True;2013-09-16 16:06:23;Manuel Franco
b10f753e-ffbf-4ac2-8cf2-8af64e466887;Tanya Munoz;7;True;2011-04-17 12:06:23;Nicole Kirby
4e8ae320-a57d-48ea-a488-9fd848c2d75b;Monica Flores;6;True;2015-01-26 14:05:23;Lindsay Campos
bb348b6d-d88e-4bdb-a185-f85759bb6582;Emily Brooks;5;True;2011-06-18 10:05:23;Nicholas Anderson
7bc74e42-cdd1-4168-830f-c7fbee212e95;Patricia Parker;1;False;2002-05-27 09:06:23;Stephanie Patterson
99322f68-00db-46c3-89a5-725abe8b61e7;Melinda Russell;2;False;2019-11-17 10:01:23;Bonnie Castillo
9fbc2979-da66-4f3b-ae87-d8400ffc1bd7;Jessica Cruz;2;True;2010-02-24 16:05:23;Dawn Smith
9975287d-8c4b-4e1a-ac81-d112142770a8;Michael Werner;5;True;2006-11-25 12:03:23;James Anderson
c743c71a-9b19-4ae8-adc0-579f8e38e3ad;Thomas Martinez;5;True;2018-12-15 11:04:23;Eric Rogers
ad3f23cf-910c-4354-a0f1-7fd94e669749;Donald Martinez DVM;5;True;2005-04-16 14:06:23;Natasha Thomas
56f33770-deaa-475f-9d81-de411929651b;Mr. Brandon Hudson;8;True;2008-05-01 17:03:23;Jeremy Nash
fc44b0bf-ae06-4de5-90af-80b2c77a8f0f;Angelica Dunn;2;True;2007-01-17 17:05:23;Paul Hogan
6416794a-f9cd-44d5-a30f-d223588d406a;Michael Weaver;7;True;2012-05-15 10:01:23;Donna Arias
633507c7-0f10-4250-b52b-95eb28cd1b2c;Sarah Deleon;7;False;2001-06-25 08:06:23;Michelle Wolf
a06da72a-dd4d-4919-9444-0d9d54ff79f5;Lauren Ward;8;False;2023-11-20 19:05:23;Stephen Wright
b05c6a67-ae9b-43b5-ad0b-2bc18d75357c;Darren Mcgee;8;True;2001-08-14 09:06:23;Kimberly King
63d5976a-23c1-441a-84d1-cfd734ed49b6;Amanda Butler;8;False;2019-01-10 18:01:23;Richard Ponce
e93ebc49-cc16-4f4c-a6a1-d509169902fe;Hannah Wallace;2;True;2017-12-08 13:04:23;Whitney Harris
3f319527-f307-4646-b513-1981397c23a9;Brett Ortiz;6;True;2007-10-13 14:03:23;Raymond Walker
bda76555-474b-44a7-b6a0-7f82f4a35e23;Tammy Ballard;6;True;2004-01-11 16:02:23;Brandon Wagner
e4268da8-f9f2-468b-ac96-022e01c5de0a;John Rivera;6;False;2016-10-27 16:01:23;Gina Gray
22fc81c9-a995-4424-b44c-f2f924dd8f2b;Ashley Sheppard;4;False;2000-02-20 12:05:23;Kayla Sanders
3ffac8da-d551-437f-9dbe-0a0155e4bcc0;Taylor Burke;2;False;2021-04-24 19:01:23;Jessica Owens
05497846-9a55-428c-85b1-67fb0d909a3c;Sherry Dean;2;True;2015-11-11 09:02:23;Terri Kim
daed5501-1190-4b46-bd37-9672f28c2375;Teresa Medina;5;True;2012-06-18 09:03:23;Laura Patterson
bdef2b09-59c9-4cd3-a965-0f2f3b6a5a7c;Lacey Rios;7;False;2020-02-01 11:04:23;Barbara Michael
c06f504c-ae90-4944-99dc-a9c51897f5f5;James Ortiz DDS;5;True;2014-12-28 14:01:23;Danielle Anthony
90b48ff9-dfda-455c-8a24-ba7d0152629a;George Martinez;1;True;2008-04-12 19:05:23;Angie Sweeney
84c53d3f-b9c1-4dfc-a34e-d79cb294a8b9;Sierra Brown;8;False;2004-01-05 19:04:23;Alexis Rodriguez
66da61db-84e4-47bc-95e5-52454f451b82;Robert Gonzalez;4;True;2020-08-13 11:01:23;David Williams
de992bdc-5e43-4b36-862a-45207cf383ed;Grant Murphy;2;True;2006-08-28 16:03:23;Ricky Bauer
f7b963da-84c1-429a-afaf-299cea25775f;James Mckinney;4;True;2002-04-14 08:05:23;Carla Hill
3247b242-b5c3-4b79-8eea-f2ebe9a06de0;William Li;3;True;2016-03-21 18:05:23;Dr. Kimberly Potts
e0605b52-878a-4544-b0db-0e0a1bff89ae;Rachel Cox;5;True;2012-10-17 08:03:23;Kenneth Fisher
86183ce1-10b2-45d6-8a97-4c6236c7c6a0;Nathan Riley;8;True;2001-12-08 15:04:23;Ashley Lynch
337a135f-afa1-4f83-ad98-984a28f11420;Barbara Johnson;8;False;2014-11-09 08:06:23;Cassandra Davis
d9860e6e-1481-4bfc-b0fc-6e0716d6cec3;Jesse Sanders;3;True;2013-02-13 10:01:23;Nicole Brown
10882c3f-df47-46d6-b5d6-2bb6b662748a;Alicia Baxter;8;False;2021-06-23 13:01:23;Samuel Booth
042bcf62-25a7-4834-bd95-5f4c7ae79cea;Carla Logan;3;False;2014-12-10 16:05:23;Justin Walsh
e5fdb26d-749a-4cda-87b0-5484888b6be2;Erik Deleon;7;False;2003-07-10 18:02:23;Barbara Hall
8f3a05db-7f9f-41f7-8c21-25dd51c5e76f;April Joseph;1;True;2015-03-08 10:04:23;Jon Moses
8b900aa8-59c7-48bc-a469-2269dd3c270a;Bobby Smith;5;False;2002-04-16 11:06:23;William Robinson
1de8b289-f7ed-4a14-8423-3a007e08aa7f;Julian Harrison;5;False;2006-05-08 13:04:23;Mary Williams MD
cd2a6437-77a0-46a6-8e2d-3b014e5f9341;Alan Pena;8;True;2009-03-01 18:02:23;Kimberly Smith
a281cbc7-01c2-439f-bc29-21e06e9df52c;Mark Sims;5;True;2007-05-22 13:03:23;Ana Smith
e946adca-826e-41ae-bd95-7c1754af3a95;Alison Schultz;6;True;2010-01-24 16:04:23;Shannon Douglas
82e11a45-3538-40e8-9074-834f0d9cb620;Stacy Molina;3;False;2011-10-06 14:03:23;Maria Jones
419a3fda-ccf7-4e43-9d06-520562a42d39;Shawn Meyer;3;True;2009-05-17 17:04:23;Desiree Powell
9373d036-1a96-4acf-b1e5-60f662a31e51;Barry Hunt;3;False;2003-04-08 17:04:23;Maria Taylor
51897f3d-cee1-42aa-9eae-4484843b1e87;Danielle Potter;3;True;2019-02-26 12:05:23;Stephen Graham
92f4be63-c971-448d-a508-e7136c037092;Christopher Berger;2;True;2007-04-05 13:02:23;Tracy Cruz
76d6250b-d646-4cf7-8855-5923ae574ca5;Jean Blackwell;3;False;2010-03-24 14:03:23;Corey Watson
2d89c37f-5f96-4e70-a901-6ee0a9f5c72a;Monica Keith;6;True;2016-09-10 10:03:23;Victoria Jones
b45465ff-34a6-433a-b92d-b4faa9000eb4;Sarah Brown;3;False;2002-02-10 11:05:23;Alexandria Kelly
9b232fcc-d92d-4b90-94fd-d3f0468a2a83;Kimberly Fisher;1;True;2007-03-25 11:02:23;Jody Meyer
ff6786ce-c3ec-45e7-93e2-07fa5000397d;Wesley Bonilla;5;True;2019-04-20 13:03:23;Keith Booth
8496fe80-7fc9-4e75-9354-b0d388bf4a63;Jeffrey Martin;7;True;2013-03-01 16:01:23;Kyle Reese
c1dae223-8651-4367-b59c-80f49fae6d7f;Roberto Moore;5;True;2014-04-09 09:03:23;Jose Cole
84b5d2d4-a31a-48b9-af4f-b32ad1cd227f;Ethan Rodriguez;1;False;2007-11-27 09:04:23;Tina Carlson
fccffb85-2e51-4b34-8b5d-e0a52b77a46a;Rachel Bell;5;False;2018-04-25 08:06:23;Diana Perkins
dac3a349-18fd-4b23-9f6e-a995ccb8f736;Maria Green;3;False;2015-06-26 19:04:23;Daniel King
fd6c92a5-f1c5-4eef-a5ab-1b316e5f1557;Michelle Small MD;5;False;2005-11-06 13:04:23;Andrew Rodriguez
d4f765c3-93a6-4760-a293-fb13ed645ad5;Lindsey Pacheco;6;False;2005-02-10 08:02:23;Thomas Jackson
2d730bf2-fdbc-4e6b-b52a-1fce50089df3;Scott Garcia;8;False;2021-05-15 18:04:23;Shane Yang
ecf70511-52ab-436f-abe9-9f9408b1652b;Eric White Jr.;2;False;2013-02-08 19:01:23;Jason Clark
8188147d-7bf9-4e83-912a-fa564db316d4;Brian Bates;7;False;2001-05-23 17:01:23;Joseph Monroe
2bd2e0e0-5c54-4198-ac40-63e41b2ff379;Mallory Sanders;8;True;2005-06-20 14:03:23;Chase Murphy
2b435d26-367e-43e9-9480-bfe8fdd43fb5;Benjamin Henderson;8;False;2002-06-21 13:04:23;Miguel Stewart
2d732ede-111f-4b38-95f3-10863868201e;Ryan Carter;5;True;2017-09-17 15:02:23;Edwin Pruitt
b5d8a7d5-e862-4126-abd5-c9019a344d25;Amy Arellano;3;True;2012-09-18 11:03:23;Brian Williams
29782b52-3e17-467e-8b87-41f4fb7b91fc;Jennifer Jackson;6;True;2019-08-17 12:01:23;Kenneth Barnes
bc0e091f-2756-4f31-8028-9a58cfd30db6;Leah Garrett;6;False;2010-05-23 17:01:23;Kenneth Hughes
4af53ddd-7bb7-4044-ac90-2dc04952f7d9;Emily Gill;8;True;2023-11-28 09:01:23;Amber Pratt
0d4de641-94f2-4418-ba92-4b3f31b5cbb4;Melinda Francis;7;True;2000-03-27 16:02:23;Vanessa Greene
16ba7ff8-2a7c-406d-ac8e-a0e8ecdede39;Melissa Boyd;6;True;2017-02-11 11:03:23;Francisco Richardson
88488688-c90f-4c21-bb92-721f028e2bba;James Romero;6;True;2005-06-16 11:05:23;Ryan Ramirez
77270508-fd7a-4dd1-afae-5c1df82ca6ba;Vanessa Harris;2;True;2008-02-09 17:03:23;Robin Lee
42f97146-00b5-4f3d-877f-1f07c07b9a3d;Emily Patterson;7;True;2011-01-25 18:01:23;James Brown
221c8bb6-1b6b-47f9-b5c3-3247efdbdd5c;Elizabeth Davis;8;False;2020-09-17 08:02:23;Briana Yates
4266ec55-99bb-49fb-b327-dea857b325d2;Robin Sullivan;7;True;2008-08-08 16:04:23;Albert Wilson
001c73cc-a7bb-48bc-aac6-9041d5d6305b;Jason Hill;5;True;2023-08-09 18:04:23;Stephanie Nolan
f651c0fb-6e2d-410e-92e2-39bbb59142e9;Joel Clark;3;True;2015-09-07 17:04:23;Alexander Jacobson
e593fb21-330b-46f9-8d48-cb5e00055d1c;Mark Brown;7;True;2005-02-03 10:05:23;Alejandro Thomas
3bd87afc-3e3f-42ba-bd78-8bb6108b24c5;Shelley Ramirez;1;True;2019-01-09 14:06:23;Justin Peters
93eef6ea-b156-4f20-b834-9665ebf6d14c;Jerome Jacobson;1;True;2000-01-06 10:01:23;Teresa Christian
2d94f824-98b7-448f-977f-793a325960f8;David Ford;5;True;2023-05-28 13:03:23;Jennifer Anderson
1a5d5c81-4cfc-402d-8ec4-b7854dae1fdf;Debbie Smith;3;True;2014-06-15 10:05:23;Ashley Lopez
edda3702-507d-44ee-985c-2281b2c05f84;Edward Ellis;3;True;2021-09-07 16:02:23;Katherine Sparks
44d6e044-0162-4594-a323-27ccf416490b;Christina Medina;4;False;2021-11-16 18:04:23;Ethan Ward
ce572ad6-fdbd-4572-abac-e9122e987721;Jeremy Ponce;2;True;2013-11-08 16:02:23;Kyle Floyd
7d215d61-769a-4463-a30d-73cddff3f1e6;Victor Miller;7;True;2013-06-01 16:03:23;Andrea Collins
208fd157-fe83-47cc-8f82-0729664150c8;Christina Gilbert;7;False;2017-09-07 16:02:23;Billy Davidson
2e590fea-f248-4c12-bfa7-c3635316f5bf;Stephanie Matthews;2;True;2005-10-15 15:06:23;Philip Jackson
3448f817-d036-46fc-9553-c65d99041db3;Anne Stewart;8;True;2006-08-14 09:05:23;Tim Hogan
9795435c-b8d9-4ebd-b151-30f7c3d95487;Luis Jordan;7;True;2008-03-15 14:01:23;Dennis Walters
794a6364-cec4-4be1-83c5-441e683dd15d;Amy Santiago;8;False;2010-11-06 08:06:23;Dennis King
38ff9c75-8b3b-4adc-bc62-08233d0d66b0;Lisa Ward;2;True;2005-02-08 17:06:23;Miranda Smith
62b96cd2-98f4-489d-a17c-218ab20e0cd1;Jeremy Downs;7;True;2018-05-06 10:06:23;Bernard Holt
273e90df-eed8-4a09-8dba-27da47041949;James Smith;2;True;2004-01-10 11:04:23;Timothy Kirby
ef5ca8c1-5727-4123-8132-f95467b9bc1d;Heather Carter;5;True;2016-05-01 09:02:23;Joshua Smith
9e4c4a0b-e601-493e-a5c8-ecee4ede447d;Gregory Griffith;4;True;2002-04-13 13:05:23;Tracy White
374f6f10-e18f-4e3c-930e-9a0d7fbfb659;Michael Malone;8;True;2010-02-03 18:01:23;Daniel Torres
313c0fd6-0ee0-412b-a2e6-ce239fa5154a;Pamela Green;6;True;2007-07-05 19:06:23;Elizabeth White
e6a52755-cc86-44c6-b5ae-a66ed1866d7f;Max Caldwell;3;False;2013-06-27 12:06:23;David Norris
b180d3fa-6263-422c-bb96-b4cc85d4da0c;John Young;8;True;2002-08-05 14:02:23;Cody Owens
f18d21e1-cf0d-445b-ab66-0e491d669b89;Garrett Fox;7;True;2019-03-15 13:04:23;Linda Deleon
9a476061-c0e2-43b4-b956-03cafa16bc0d;Edward Kennedy;8;False;2001-06-23 14:04:23;Tina Hunt
a5dcb023-bebc-4733-aa0c-850967c1cd19;Christopher Torres Jr.;4;False;2005-02-19 19:02:23;Shaun Smith
26244228-cc08-4b7a-bbb9-d0155cf9f446;Robert Huffman;3;True;2014-05-24 15:01:23;Mike Williams
43c8ffbc-a907-4780-b380-602327dfd59e;Cheryl Turner;5;False;2012-11-25 14:05:23;Carol Arellano
1e7e6ee4-b1cf-4943-a44c-4a3bc99badc3;Ann Hughes;4;False;2018-12-11 15:02:23;James Powell
8b567024-582a-485a-a4cb-8040618b3418;Yolanda Thomas;3;False;2020-05-02 10:03:23;James George
b73710cc-3f7f-4cc5-ad9f-0a02ed19e789;Rose Bauer;4;False;2021-11-16 09:02:23;Jeremy Horton
72fa976e-d04b-46da-9648-c2c1b8fa3829;Jacob Lloyd;5;True;2016-10-13 13:01:23;Denise Cook DDS
a769b97b-cc02-4bf0-a279-c30dabba58db;Juan Stout;4;True;2004-11-15 09:01:23;Jessica Barajas
0d756ff9-fe4d-4aef-80d2-b97d5ed9ddef;Samantha Smith;4;False;2020-07-23 18:01:23;Christopher Madden
fb6be29d-e02e-4e20-bf85-2c93f9c7a176;Amy Shelton;8;True;2017-09-18 09:06:23;Cheryl Carrillo
6abbee73-e2d1-4b3d-9056-b43e62de40cb;Alejandro Robinson;8;True;2017-02-22 19:05:23;Anna Moore
bd9d51d0-8c76-4b38-95e7-1488678909b1;Lisa Jordan;7;False;2001-03-17 14:06:23;John Rose
370f71ee-eeb1-4191-9a5a-feef4db8e051;Stephanie King;2;False;2001-05-01 14:04:23;Mary Waters
52b4da59-aea8-4700-b431-f4883aa8c6d3;Christine Bowman;5;True;2020-02-06 11:06:23;Joseph Alvarado
18137409-6ea9-462b-9ab8-c85ae9e955b1;Amanda Warner;5;False;2017-06-12 15:02:23;Anna Winters
8ed7ea9f-61cf-4c36-8a73-8cd8b27be771;Billy Zhang;2;True;2013-12-11 12:06:23;Mary Wise
39393868-f238-45af-b6b1-718039e73a82;Joshua Lara;7;True;2014-07-18 16:01:23;Bobby Moore
7942a923-a9aa-4d7a-b944-ebbd197fa065;Mr. Scott Parks DVM;4;True;2022-12-13 08:02:23;Katherine Valenzuela PhD
02d86446-696c-43ac-8a8b-a3655a98f2c3;Robert Williams;4;True;2014-12-10 11:06:23;Janet Long
868e5a9a-4a92-42a9-b649-b6aad7934e22;Brian Lawson;5;False;2013-01-28 11:06:23;Robert Barnett
88614cf2-b701-47ff-a0f9-e27e625f6e51;Joyce Rodriguez;1;True;2002-09-02 16:02:23;Edward Campbell
34bbf03c-3266-492b-8098-f0092e4359ff;Kaitlyn Hall;8;False;2013-01-22 12:04:23;David Edwards
c5c0d587-f737-4386-a2fc-008692191923;Brian Smith;2;False;2002-02-18 18:04:23;Brittany Leach
b173d871-2912-4022-af37-f2cb7b7e1d94;Pamela Ellis;5;False;2023-03-24 12:03:23;Billy Coleman
dcaec069-b75b-4109-8639-b5deb4c25aa8;Billy Kennedy;3;True;2013-12-03 14:06:23;Keith Clayton
70b1be27-047a-4f71-8b51-8311759b1341;Daniel Frank;8;True;2001-07-03 18:03:23;Richard Burton
d41db82d-65ac-4783-91a9-7e81399534c7;Andrew Jensen;3;False;2015-02-22 13:05:23;Amy Hughes
9fc490e3-713a-4998-964c-da04ee173b79;Dr. Julie Hill;6;True;2023-02-16 09:03:23;Mary Camacho
18e47b5d-9dea-4b01-9742-7907f9b16f7b;Nicole Rodriguez;1;True;2012-12-02 09:04:23;David Griffin
2b4579a0-ca93-44ea-a48e-b1d23875f1b9;Mr. Nicholas Vazquez;5;False;2009-06-10 12:04:23;Marilyn Rice
266c52d8-ebd1-40f2-bb61-365a00ce75f5;Megan Bradford;1;True;2016-09-15 19:06:23;James Love
90c0f214-e2f4-44c7-b100-4bfa662b6515;Jessica Harris;3;False;2008-12-22 15:02:23;Terrance Alvarez
17a0d7dc-1cbb-4353-85d4-cd55774fbe83;Jessica Bates;1;True;2020-07-23 19:04:23;Joshua Miranda
30f2dc5a-a17f-46af-beef-6503bcae4055;Mrs. Jennifer Chandler MD;8;False;2022-11-06 18:02:23;Alexandria Avery
3831db9c-842a-4b6b-b296-e4da52e97172;Michael Osborn IV;7;True;2017-09-13 11:04:23;Jerry Cook
d0d279ae-b291-44f9-bd84-5366efb8f7fc;Shannon Liu;8;False;2017-08-16 17:06:23;Michele Morrison
48de1dd1-a181-42e7-9853-c49a3ec32f61;Daniel Riley;5;True;2005-04-10 11:02:23;Monica Lee
e298ad19-4362-4be3-b649-3b9f34faf154;Alejandro Moran;4;False;2005-09-17 09:06:23;Ashley Cox
d0d83600-fbdd-480a-bac9-68e11abd876f;Jillian Stanley;8;False;2012-05-16 13:06:23;Stephanie Vincent
0034d916-f024-42e3-acc6-3632d17b0e83;Ashley Ramsey;6;True;2004-10-02 09:01:23;Mary Krause DVM
df6f399f-aa5f-4421-85fd-ac0844f6728d;Dr. Jimmy Erickson;8;True;2020-05-20 12:02:23;Dawn Davis
7ab536d2-1253-4434-a066-8798ed13772b;Valerie Brown;1;True;2008-12-08 15:04:23;Mathew Khan
180c1b7d-1d46-4cf0-95b5-889212e439ae;Deborah Gates;8;False;2002-10-01 10:03:23;Todd Harrison
7028c244-34f2-4e02-8f28-718aa39d15de;Nathan Dawson;8;False;2022-08-04 11:04:23;Jay Hoover
32e21c96-7c96-4e68-8d7e-cb3e4d78dd99;Joseph Wright;2;False;2010-03-16 10:06:23;Donald Ramirez
3f919edf-dd6b-4f72-a7ef-6e8b9d711499;Mike Barnes;8;False;2010-09-14 09:01:23;Dalton Garrett
8f2deebe-8fa0-4dd3-82fe-6fed1560aef5;Lisa Reynolds;4;False;2023-01-19 11:03:23;Matthew Gray
25285b97-398a-4a94-9aa7-8a48e79b7bc2;Rachel Carter;8;True;2008-06-20 10:05:23;Erik Dean
923d0a28-deed-4da8-adfe-40436b8631cd;Robert Black;6;True;2012-06-22 18:05:23;Suzanne Lopez
6aa36788-ce1d-458b-946f-dfd588edca3e;Robert Stevens MD;7;False;2008-04-07 13:06:23;Kathryn Brown
42e726ab-2b91-49a6-aaa6-3b37866f0721;Mark Kerr;3;True;2003-07-14 12:01:23;Mr. Mark Lam
f7a367ec-6c43-4703-bc87-56f6eee79a11;Julie Campbell MD;6;False;2011-03-01 08:02:23;Michael Weber
23bc9df0-96b1-4972-ac16-e63dc229bb49;Carrie Smith;2;False;2021-07-19 08:05:23;Nicholas Craig MD
69f970c8-3d52-4c52-b475-4cdee25c4320;Teresa Watts;3;True;2013-08-22 16:01:23;Clayton Rodriguez
7c1f6a2d-625a-47d1-b331-0222215c2f36;Sydney Garcia;4;True;2002-11-13 11:06:23;Cynthia Baker
9556e0ae-2589-4ff9-b3d7-f98cda22e13d;Linda Parsons;4;True;2005-12-07 18:04:23;Todd Fletcher
e5db1c88-9b3c-43b5-b260-ed582c51a9ee;Amanda Marquez;4;True;2000-02-06 18:05:23;Donna Woods
998d7277-1644-4ff9-bf57-a8bca69d6b01;Nicholas Hodges;8;False;2014-04-02 19:01:23;Debbie Robinson
271da4bb-f9d1-40fc-8227-4c155eb1d53f;Karen White;4;False;2013-03-10 08:04:23;Nicholas Grimes
c549da24-4b25-40ba-bcba-9beb45f8a141;Christopher Arnold;3;True;2020-01-17 13:06:23;Jason Thomas
91271b34-9a57-45f1-8567-c067e86f4628;Bradley Price;8;False;2021-06-07 11:02:23;Jamie Roberts
053d8128-361a-4401-a6b5-9cec3a599325;Taylor Smith Jr.;4;False;2022-01-25 16:03:23;Jeremy Hall
0fe5f794-1707-44aa-886e-eae225c38715;Christina Best;7;True;2015-05-06 16:01:23;Deborah Hernandez
def74f94-a74d-4552-a167-8c3e3fda3aaa;Melissa Miles;6;False;2008-01-24 17:05:23;Jeffrey Williams
de718603-1c8d-48cf-8e40-bfac57e9f441;John Smith;6;False;2011-11-06 17:04:23;Victoria Mack
4a353f92-0a54-4b0d-8c23-651638489e72;Marco Barnett;2;False;2002-07-04 08:05:23;Leah Salas
be9dca3d-fd6e-4c68-917f-0a07faa69f72;Lisa Andrews;5;False;2001-02-14 09:01:23;James Gibson
052f5ba2-36be-41dd-801f-5186e10bcada;Theodore Richard;4;False;2019-09-27 13:05:23;Sara Moore
5d455036-4695-44e0-b68f-f9030d3aec46;Michael Hall;4;False;2004-05-13 10:05:23;Miguel Snow
e81c8c7e-a8ee-441b-b2b5-09eacae0a813;David Lane;2;False;2007-07-08 19:02:23;Paul Gardner
1e70e9d1-90ce-4e29-917c-e490b95d5276;Ashley Jones;8;False;2005-04-03 08:05:23;Sean Moore
b3b7c143-b360-493f-87a4-c945c9a9e4b3;Heather Wade;2;True;2016-05-01 15:04:23;Daniel Cruz
e7c698c7-0250-48c7-abc5-b610751ea2be;Haley Gregory;3;True;2016-04-13 12:05:23;Joshua Wong
22f6dc80-ef60-40e2-9e07-251d4fe75d16;Sheila Parker;8;True;2020-10-10 19:06:23;Lauren Walton
34dc0857-a309-46cf-92ca-49c96c73c763;William Nunez;3;True;2005-09-05 16:05:23;Scott Juarez
e38c3037-5a6c-479b-8a28-4d77b6377288;Richard Ellis;2;True;2010-12-05 11:02:23;Wayne Martinez
9685867d-1e96-48af-839a-f6655252c75a;William Thomas;5;True;2023-12-17 08:03:23;Jeffrey Beck
f7183eee-69a4-4e8e-90a6-55e1862d2496;Amanda Chung;6;True;2012-09-26 18:04:23;Tiffany Todd
5c442408-51d0-46a2-a433-96c50d5dd795;Robyn Walker;1;False;2003-03-14 14:01:23;Melanie Booth
0f3b09f4-bd6c-4437-a5a2-56e9b25c4424;Amanda Casey;6;True;2000-08-07 09:01:23;Abigail Vega
0c158f9f-6f7b-43bf-afc0-45f18627ebd3;Christopher Conway;6;True;2012-06-27 11:01:23;Danielle Lopez
3d61ec08-194a-460a-99c3-1fea41d3c34d;Bethany Lewis;5;True;2011-02-06 15:01:23;Marc Allen
602e2c8f-01d9-4a59-bc06-7e3bb4071d26;Katherine Sexton;8;False;2021-09-20 16:03:23;Kayla Davis
be291369-b51a-45b6-b728-6912389d25e5;Kerri Robbins;7;False;2011-08-12 10:01:23;Diana Hill
c9a57dc6-b7aa-4d1e-8622-01ceab4e3dc7;Mary Whitney;4;True;2023-11-21 18:01:23;Harry Gutierrez
6e3bcba8-068e-4630-867e-986e864157aa;Dana Trevino;8;False;2009-02-24 09:05:23;Ann Lopez
4862520e-2e31-4282-ac72-bb1543c69ac2;Patricia Goodman;3;True;2022-11-06 19:04:23;Stephen Kelly
35f59fc8-dab5-4831-8212-a97c01416178;Thomas Paul;2;False;2014-12-15 11:05:23;Michael Smith
fdaec837-c799-47ec-8d3e-004c22e0374e;Charlene Cruz;5;True;2003-12-21 18:03:23;Kimberly Gonzalez
81276593-a496-46ab-8373-9f1623062ec8;Rachel Barajas;4;True;2012-05-03 14:06:23;Patty Davis
d16b5e7e-569f-45c6-a8fd-75da5d9ffbe2;Mary Myers;6;True;2013-10-09 11:05:23;Stephanie Conley
6b26eed1-235d-4397-b062-1955cd7f791e;Jeremiah Davis;7;True;2019-10-05 11:01:23;Christopher Cox
7dde4774-97a4-49fe-bc6b-2a9c00479da4;Regina Whitehead;1;False;2014-10-06 18:01:23;Sabrina Wu
89af495e-4c15-40d8-b797-f01eb814b951;Lauren Craig;5;True;2018-12-09 12:01:23;Jamie Keith
fb5047a1-8558-40e9-b206-20f9e3900143;Richard Howard;4;False;2021-02-27 12:03:23;Penny Goodman
10e27509-09e9-4b01-915d-16756fe8e180;Linda Hart;1;False;2021-09-27 13:03:23;Charlotte Johnson
e3365a28-a991-4ce4-b315-f6e458614d16;Theresa Arnold;3;False;2000-09-04 17:06:23;Richard Mendoza
9357cd66-d1c3-4e5e-9936-36545909ce26;Scott Harper DVM;4;False;2017-07-11 10:02:23;Michele Wells
e0c58194-ecbc-4784-8f61-90915d72bef7;Dale Nash;8;True;2017-07-26 16:05:23;Barbara Evans
a10cb30b-5474-46bc-9037-d17905ad7b95;Stephen Peterson;1;True;2011-01-11 12:04:23;Lisa Kaufman
5671c979-c8af-493f-9906-65a39e8e6b54;Sherri Haley;2;False;2012-03-19 13:04:23;Jonathan Briggs
7bd252db-dc53-4698-bbcc-fb2f8cd3c2ff;Justin Freeman;8;False;2023-11-25 09:06:23;Jeffrey Barber
2b387daa-8860-43f7-ae5e-527a16332d53;Steven Valdez;7;False;2018-04-09 11:04:23;Natalie Johnson
a6c9b3a9-4c0d-4b52-a08f-9dcd9d2f7b1a;Amy Hudson;5;False;2007-04-23 13:04:23;Leslie Hernandez
756fe4f3-8a65-4a4f-a662-5459bc72be93;Jennifer Sampson;6;True;2008-04-17 16:06:23;Jamie Rogers
0be8041c-9743-47a0-8012-d6f3855fcc31;Alvin Smith;6;False;2013-07-16 16:01:23;Katherine Barron
7dd1ad13-eeea-45da-a5d3-b90c21490a90;Kathleen Gibbs;1;True;2020-08-06 13:04:23;Samantha Davila
2b12b398-88fb-430e-9abf-2866a5c4f5fb;Sarah Osborne;7;True;2010-07-28 18:05:23;Emily Harmon
a9c21a98-cc31-4ae0-bb08-5581bd4f88df;Christopher Gardner;8;False;2011-09-27 08:03:23;Lindsey Norton
da41ae28-2ba2-401b-87e4-2bbde755485c;Jonathan Williams;7;False;2013-06-13 17:03:23;Victoria Lee
faf6d73f-31c6-4e93-9b49-1a12642806df;Destiny May;7;False;2014-06-01 09:04:23;Laura Wilson
facc32b8-f598-4eb3-914d-93719f0916c4;Jeffrey Hood;4;True;2009-03-28 14:01:23;Teresa Graves
1c1f7f77-cfab-4086-819d-2877f18af334;Alicia Donaldson;8;False;2011-07-05 11:04:23;Mary Clements
61f23804-96c7-4106-9dfa-623d0e0b6fbe;Susan Contreras;4;False;2017-11-25 09:02:23;Mr. Benjamin Brown PhD
c251a40f-dc1e-4a7b-b1f6-0047eae87850;Brian Garcia;4;False;2022-04-25 15:05:23;Brian Juarez
99610063-fe23-4ee3-b914-394cf3661e28;Douglas Maxwell;5;True;2011-10-18 13:04:23;Julia Watson
9603e514-a645-42b1-8808-883536f36e87;Charles Fletcher;4;False;2011-05-13 15:02:23;Jennifer Ruiz
5e9b3749-df81-4e84-a455-d785281f240f;Mr. Ronald Moss;2;False;2004-09-05 08:04:23;Nicole Norris
5c52c6fc-54dc-4c04-81be-73e7ca002878;Virginia Davenport;2;False;2014-09-25 14:05:23;Randall Neal
c9edb440-78f1-4f44-adab-07681b921b6f;Susan Williams;3;True;2022-06-25 11:02:23;Margaret Garcia
c423f90a-f420-44f2-926c-2f860a7373ed;Tammie Mitchell;4;False;2019-02-12 08:06:23;Breanna Hamilton
5dc388ff-72f6-4232-9e38-5b6c4ed3d09d;Dennis Williams;7;False;2021-05-10 19:04:23;Tom Franklin
6dfeb2a7-61e5-468f-a87c-30e33fcd5760;Breanna Kelly;7;False;2009-11-24 14:06:23;Karen Bender
bded3820-6a4a-4a89-bd75-a2d5f2f22b76;Alec Barton;8;True;2021-09-24 18:04:23;Gregory Smith
3592b07d-ef97-43e2-a97a-cfd61c2564ca;Mary Washington;7;True;2017-02-03 15:04:23;Jessica Bright
957948fa-1025-46a8-bc12-fb7651f23a2d;Aaron Myers;1;False;2010-11-09 14:03:23;Deanna Coleman
11c823b1-7a1b-4007-aaf1-cb53ef46167e;Randall Holland;7;False;2011-07-22 19:02:23;Phillip Dixon
c42afb8e-2e11-4939-8f7a-d9ffe9be68ca;Nicholas White;4;True;2003-07-27 08:02:23;Janice White
742e483c-f61c-4ef3-a429-ed0f99d7aae7;Becky Johnson;3;True;2004-03-16 14:03:23;Dawn Gilbert
d6a7b2ca-6774-4e53-8b19-b37aba1b0c89;Shelby Benton;5;True;2010-06-12 15:06:23;Matthew Huber
9c16a33e-ee78-4989-a329-b98607392aa4;Margaret Kennedy MD;4;True;2007-11-02 11:03:23;Wendy Lewis
be6e2810-3c02-4a5b-ac50-daa95744140b;Mary Ross;5;True;2014-01-10 18:03:23;Laurie Rich
4be7f9eb-0526-4755-b75f-790f5a67a148;Hannah Cannon;5;True;2010-03-21 11:01:23;Russell Howell
e653ead9-b03c-4efc-bef0-546d6110c463;Michael Marquez;5;True;2008-11-22 14:04:23;Brian Griffith
2b89774f-9248-472c-8296-be5edb47543c;Kathleen Soto;4;False;2008-06-23 13:02:23;Ashley Mendez
b3f39aae-f123-43d5-b91e-fd68efc7340b;Joshua Black;6;False;2019-04-13 08:03:23;Robert Miller
a3018bb2-600f-4686-8c92-2ead5eace025;David Holmes;2;True;2002-08-09 16:06:23;Judy Mccarthy
813618ff-d31f-47f1-9056-6b3b3105ed1d;Diamond Caldwell;1;True;2016-12-19 19:03:23;George Gonzalez
347ef767-6fef-45a8-8364-92557ca26916;Matthew Ferguson;7;False;2013-12-28 10:02:23;Jeffrey Jones
587af021-c904-4880-a566-09b9fc24f20b;Catherine Bailey;8;False;2013-07-05 13:05:23;Annette Hicks
8e678e04-f1ef-4e06-83e8-d36bb0dc77e3;Brian Long;8;True;2016-05-04 14:03:23;Maria Cardenas
594bf1a4-90c7-4e66-80d1-e56011ce60f9;Rodney James;7;False;2018-03-01 18:02:23;Kevin Mckinney
5be31ecb-d680-4a76-8158-a2e7938a3842;Mary Martin;5;True;2001-09-16 18:06:23;Katie Calhoun
71eea1ce-8bab-4518-b125-7373d63e6663;Dorothy Acevedo;7;True;2001-01-19 10:03:23;Raymond Edwards
4e4e881a-e904-47df-9713-f37b0b4af712;Joseph Thomas;1;True;2005-12-06 13:05:23;Mrs. Tiffany Watkins
64b9b3c9-f570-40a6-a2c8-2f5ef04b4f0a;Mario Williams;8;True;2013-06-10 16:05:23;Deborah Vazquez
ccbdf076-c437-4711-bc2d-2fc1b810ce35;Christine Henry;8;True;2007-06-14 16:02:23;Samantha Brandt
cd728009-7b7e-4a27-a293-f55cf6a60c83;Valerie Lewis;2;True;2022-01-03 10:06:23;Jorge Washington
2f7590b0-afdf-4bd4-a504-f5ec11dcccd8;John Chang;3;True;2002-06-21 15:02:23;Cristina Payne
c738b693-d609-40d6-b87e-cee2dca3079e;Bethany Thomas;7;False;2008-01-11 15:06:23;Jordan Lambert
15c6af0d-4ce7-4a2e-af6c-855fb3331278;Matthew Andrews;4;True;2012-02-24 18:06:23;Holly Campbell
f08aeaa3-4599-4a27-a93d-3a19fd2c1a5e;Cindy Henson;3;False;2011-06-23 08:04:23;Angela Branch
a2d93a92-ace0-4b44-8c3c-69f58bbdb6e9;Joe Parker;1;False;2019-10-14 10:05:23;Joseph Wall
452b792a-e120-4a2c-82e0-528f9c4338b3;Jessica Larson;2;True;2010-02-08 09:02:23;Jeffrey Rhodes
dca1ed75-d1f5-4dea-928f-599ccb166e3b;Michael Vaughn;6;True;2002-02-14 08:06:23;Thomas Wallace
f176ea07-0fb1-4a3f-ae36-6a3c93cc0422;Emily Stewart;4;False;2007-08-12 15:03:23;Amy Suarez
749310f9-f7d9-42bd-b9ae-ff5de3a49777;James Johns;4;False;2002-04-05 08:01:23;Brian Anderson
17f80037-4ea7-4797-937d-1da19a673860;David Warren;3;True;2000-12-27 13:06:23;Ashley Bishop
064e2268-75ea-43eb-aa68-ee0c3dd59e75;Rebecca Morris;4;False;2016-01-27 08:01:23;Michael Fisher
d0c83bad-efff-4103-854e-4e267c24c95d;Mr. Brian Doyle;5;True;2017-06-02 16:05:23;Melissa Brown
cdfff99c-37cc-4a99-b695-13e4f30efdc9;Matthew Dunn;3;False;2004-03-10 08:06:23;Warren Woods
fd5a737e-715a-423c-a597-0a7e12662cfa;Ricky Adams;6;False;2000-03-01 08:05:23;Thomas Cross
83fd51e9-1134-407d-b155-6476b90b8220;Dr. Christopher Jackson Jr.;8;True;2007-03-22 10:06:23;Debbie Boone
d63c7783-b963-4927-ba92-630a6f1ee824;Mary Smith;4;False;2021-06-19 08:02:23;Rick Roberts
f2f3bf6c-06ab-4694-a24d-3b20cba3dd7d;Jacob Garcia;8;False;2018-02-15 08:04:23;David Taylor
ce52a042-3acc-4b1e-890e-17875dc0672b;Amy Diaz;8;False;2008-07-12 19:02:23;Yolanda Harrell
48fff876-216b-4d24-a5e7-3e9a86135e34;John Mendez;4;True;2006-01-17 17:01:23;Christopher Griffin
52afcda0-f25e-4592-985a-632e566cbdff;Jose Reed;5;False;2012-08-14 18:06:23;Sean Haney
a5dce70a-713a-41b9-9b2d-a552eaf8be77;Dr. David Garrett Jr.;4;True;2016-10-12 08:04:23;Eduardo Smith
66e9b37b-8d3a-44b8-b977-3c8f4f12e0d5;Rachel Stewart;3;True;2000-01-23 13:04:23;Natasha Crosby
1198624c-1094-46e5-a1b4-a647504ddc1c;Mrs. Katie Marquez;3;True;2022-05-23 10:02:23;Rachel Adams
4cb4b2f4-12ec-4e6c-95e6-b32c802044a1;Jennifer Suarez;8;False;2022-11-10 12:01:23;Jessica Garcia
7bdd3544-a942-4ea8-8a35-a0ee86415a58;Jonathan Jackson;7;False;2022-07-11 18:06:23;Juan Thomas
8d76fb70-229e-4024-9af4-851a44f0b1c5;Kathy Fry;5;True;2003-05-16 09:04:23;Mary Wilkerson
7b91ffdf-58dd-4b5e-9b51-c427452f07c1;Steven Mccoy;2;False;2014-10-08 17:03:23;David Gibbs
59d1e5bd-3219-4b5f-9f28-50aa730a00b7;Logan Miller;1;False;2021-10-27 16:03:23;Ryan Ingram
930dc0d3-78e0-4953-8166-0cfb0fe36d23;Natalie Hall;5;True;2018-12-21 11:02:23;Natasha Lindsey
1b94edea-9213-438f-8020-86f853c41346;Martin Warren;3;False;2007-12-05 16:05:23;Dustin Ramsey
7a639dca-9495-4a1c-ae76-3ad88ea5695e;David Cummings;1;False;2003-06-22 17:01:23;Kevin Bradford
99653e0d-1d1c-4581-85a1-1e1a0f5eb99a;Brooke Marquez;5;True;2014-04-03 10:06:23;Jessica Elliott
eb1bf786-25ac-4829-95d6-34ee4e8bae81;Angela Washington;6;True;2008-05-05 17:01:23;Adam Price
46fc263d-e807-43d6-9f23-2fe284fe2b17;Katherine Murphy;2;False;2011-07-23 08:02:23;Cynthia Martinez
ecbc50d1-8a89-43a5-b9b4-0e6013203659;Brittany Olsen;3;False;2018-05-09 10:06:23;Roger Duffy
8881bf0e-9127-4f2a-91bb-fd3bc836b458;Jordan Lewis;8;True;2011-11-26 11:06:23;Todd Medina
8802a59e-bf3a-400b-99c2-ed1e5e2b1aeb;Danny Mcmillan;4;False;2016-09-02 09:05:23;Timothy Mendoza
5bffff7f-474e-42af-9f65-03769b7ad60a;Jordan Hoffman;8;False;2015-01-23 10:02:23;Susan Gould
fbb9c4bc-73bb-450e-b2aa-a6efa79b2ddf;Jermaine Clark;5;True;2001-08-19 18:02:23;Jennifer Stafford
9e459970-7e55-4028-87ef-923c7551db8f;Taylor Rice;6;False;2003-09-18 15:03:23;Raymond Henderson
0fe4478b-c50d-4383-98eb-a82fde8b355c;Luke Miller;2;True;2015-10-25 19:04:23;Jennifer Sanders
d77b8052-50fd-4a6f-a9b0-ac7e941ab40c;Jamie Jones;7;False;2014-03-25 19:01:23;Alisha Nguyen
3cc7ae34-ae93-4b51-bb44-b3a70a4a5317;Jose Peterson;6;True;2014-07-03 11:05:23;Joshua Swanson
719cd195-4118-4f35-846d-2755dd8db104;Jason Wheeler;8;False;2016-03-11 10:05:23;Kimberly Gonzalez
fe66c50e-3862-4469-b8cc-514fab91b160;Mrs. Ann Barr;1;True;2014-07-04 18:01:23;Rachel Higgins
840f33cb-74f0-4bb5-95ba-9306abfb6004;Michele Rogers;7;True;2003-10-06 11:01:23;Jeremy Beck
2b77bed3-9e22-4df7-817f-19601cd19975;Richard Williams;6;False;2009-10-12 08:06:23;Samantha Sandoval
3c95b68e-b535-4d9f-89d1-e86d4fe5a72d;Gregory Stanley;7;False;2006-03-18 10:02:23;Jessica Garcia
07936313-2e1d-42f3-b672-dae61b7a2f91;Garrett Mcclure;5;True;2000-04-18 10:01:23;David Burns
10430ead-9739-4d2e-bc22-22b1bc5990ad;Allison Johnson;1;False;2007-07-06 10:01:23;Kayla Sanders
c4cb2a8d-67d1-44e8-a3f0-40fd3d7fba39;Katie Randolph;3;False;2003-01-04 16:05:23;Jeffery Cooper
619a9eac-dfe2-4abf-9817-7a3e9f84b631;Rebecca Bowman;3;True;2008-12-09 18:04:23;Vicki Jordan
c989a1e4-486c-4bc2-b50a-60930925a630;Gregory Bates;7;True;2014-07-10 15:03:23;Shannon Robinson
41e0fe1f-b5fb-412b-8c55-58ef45dc4db4;Jonathan Harrington;7;False;2010-11-23 08:01:23;Jaclyn Butler
faa96672-28eb-4ba8-898a-41cee7e79079;Catherine Gibbs;5;False;2018-02-26 15:04:23;Jose Wall
17421f93-217f-46d7-89f0-50069535f20b;Jennifer Adams;2;False;2004-08-22 11:02:23;Sean Parks
4eca7e67-6f69-47d7-8c20-c9efb43148a7;Michelle Cisneros;3;False;2022-09-01 09:01:23;Dr. Shelley Johnson PhD
6b650b22-5888-4a46-93ba-e29a7b282d88;Kimberly Jackson;7;False;2014-09-27 10:02:23;Ronald Proctor
f66541f5-5a2d-4a0f-90c0-1b1abdb4cde6;Jonathan Smith;7;False;2015-02-05 12:05:23;Kimberly Preston
f520f304-c18b-47b0-b29b-a8af8584c4b3;William Reynolds;3;False;2007-06-27 10:05:23;Shelby Barrett
8f7ffc3b-0667-4343-b36c-12d70cf9b846;Debra Johnson;1;False;2005-06-26 09:04:23;James Walker
e4ff24d3-20bd-46fb-a251-3aa366aea354;Julie White;7;False;2011-05-09 10:01:23;David Gallegos
d4f02e21-a9b0-4f78-b068-f5fa70e270e7;Desiree Stewart;7;True;2004-04-14 13:04:23;Lucas Bailey
4d734e18-25e4-49ee-84a2-9f4f535ca11f;Lisa Brown;4;False;2010-10-06 08:06:23;Whitney Wilson
0c2c6587-405c-49f6-9d11-49026aa1f5f5;Dwayne Rogers;3;False;2009-08-20 15:01:23;Holly Wiggins
5cff4132-d70b-4168-8d1e-e70595ae0622;Tanya Matthews;4;True;2000-06-08 17:02:23;Mrs. Stacey Saunders
0f4df812-5b92-4a60-9349-126009ccb830;Brian Holt;6;False;2016-11-19 08:02:23;Kenneth Rollins DVM
dc661080-2eba-4282-8ea8-3852261d4100;Matthew Mcconnell;4;True;2010-09-23 08:03:23;Jonathan Graves
111cf177-3d54-426e-ba57-e8fc1f9dcab2;Heather Weeks;1;False;2007-10-10 19:05:23;Joy Lopez
c6bed0d7-9a7d-445d-8c5d-583e162d5aef;Vincent Hale;5;True;2008-04-28 13:06:23;Erin Dunn
c8a86305-e40c-4710-8fe0-0633d6683808;Kelly Webster;6;False;2021-11-18 11:03:23;Michael Cortez
23dba205-4d87-4ddb-bb6e-83fe26b47fce;Katelyn Gross;2;True;2008-12-27 12:04:23;Brian Leblanc
33a5aeb2-fd83-46b9-8b94-c3c381d38978;Joel Ball;6;True;2012-01-21 14:02:23;Brian Evans
ad654e7b-6890-4538-88fc-b7765588666b;Brandy Mcclure;7;True;2004-04-17 18:03:23;Joshua Alvarez
42cb4d4a-e5eb-492e-a62d-366e06dcce45;Glenda Robles;7;False;2019-11-08 16:03:23;Oscar Campos
95beb271-0880-46ea-bcd9-96e63f989118;Jason Young;7;True;2004-10-26 08:03:23;Stanley King
3b19711d-800c-4fab-9c9e-27013eafbecd;Nicholas Meyers;8;False;2020-07-19 11:04:23;Hayley Miller
60da8add-93aa-420b-a030-424af7d98da7;Carrie Perez;8;False;2015-03-10 16:03:23;Sharon Gomez
b7787a1f-3dbf-443c-b934-55e8c2766195;Julia Perkins;7;True;2011-10-20 18:04:23;Steve Washington
2f51a02b-23bb-4f89-91da-ec9a4ef12846;Lisa Lopez;7;True;2016-06-08 11:03:23;Todd Fletcher
8e072df3-ccb9-4289-a803-dc5a802cf588;Shelley Briggs;8;False;2020-11-01 12:02:23;Wendy Campbell
35b8ecc6-512a-4a9d-b5ca-55c3f8b5524d;James Scott;2;True;2004-04-17 19:04:23;Paul Thompson
70f24972-06f0-44bc-96c0-253f4fc639d9;Debbie Crawford;8;True;2015-06-22 09:03:23;Alison Hancock
2d748bc9-6efa-45d1-bdda-a1418cce2a81;Terri Harmon;2;True;2016-01-04 13:06:23;Timothy Howard
2197a9c4-79d4-482e-a422-c87f3b1f5980;Rachel Underwood DVM;5;False;2023-03-24 14:06:23;Joe Patel
73d0d203-e998-479c-8d93-906689e4367c;Eugene Rodriguez;8;False;2013-12-22 12:02:23;Amanda Rhodes
903a6a2e-9101-4b7a-9d76-025e676a02ea;Laurie Williams PhD;5;True;2020-09-05 12:04:23;Jason Olsen
b862d30c-0952-4791-8dc7-2f8f0bcfee1e;Dawn Faulkner;8;False;2007-09-21 11:05:23;Deanna Cummings
0efbe3ce-5aa5-495a-b36c-4315629c913f;Mark Anderson;1;False;2000-02-27 11:02:23;Jason Harmon
c958f45f-6ade-4315-84b2-f250e6944c6b;James Washington;1;True;2013-03-19 10:01:23;Shirley Woods
a5c4759c-d142-46fc-ba97-d0012362cb86;Courtney Hall;6;True;2000-05-22 19:06:23;Ernest Butler
9e3473dc-8048-40da-af10-3f22785373ff;Alicia Gonzalez;2;False;2003-05-18 14:05:23;Sheri Black
b0f73213-bfd5-4147-aa53-6605ee62ae4a;Victoria Davis DDS;8;False;2006-10-13 08:06:23;Kelly Mejia
985f50a5-1638-488b-870f-617e01aa7042;Theresa Roberts;2;True;2002-10-28 10:01:23;Melanie Schultz
e4ca490f-8dd7-4489-bb15-5a5cbc673e88;Natasha Nichols;7;True;2019-06-25 11:04:23;John Christensen
33a8731d-5f22-4379-acbf-f52b4c669d5f;Gary Gomez;2;False;2018-12-23 16:03:23;Lori Parks
adf1da3d-7cd5-4f19-94b6-7b42bc9aaf3f;Harry Hill;3;False;2020-01-09 11:02:23;Ryan Burns
fe6b311c-4cb8-4aca-9863-03e424541171;Charles Silva;3;False;2016-09-04 14:06:23;Johnny Chambers
0d0a6ee7-b500-4163-b89a-c8cd2f4656f8;Victor Miller;4;False;2005-02-20 14:04:23;Susan Reilly
a42fe844-6cf6-4dac-9849-f7ce08412e0a;Daniel Terry;5;False;2016-04-12 16:05:23;Meredith Holmes
6426fee9-46fd-4bb0-9e5d-e578410d7979;Jon Cunningham;2;True;2006-08-18 08:03:23;James Bass
47a18720-c152-41d2-b0c3-de4a5d794167;Pamela Jones;5;True;2004-08-24 17:04:23;Sean Berger
eef45bfa-a176-44ad-a0d3-b9b41c87d286;Rhonda Frazier;7;False;2022-07-24 11:06:23;Laura Moore
f4bfbc0a-a2d7-44b4-93b1-d0bf8b29701c;Raymond Rowland;6;False;2005-09-26 08:01:23;Dr. Joseph Jones
71c2d792-33e6-40bc-b876-3fd178f382d9;John Gilbert;6;True;2001-11-12 15:06:23;Michelle Arnold
14ce201d-f69d-4c5e-b928-565d4108d4d6;Herbert Hernandez;4;True;2022-03-22 09:03:23;Matthew Greer
848c426c-c996-465a-b014-80635bbe02e5;Lisa Buckley;3;False;2004-04-28 08:02:23;Carol Morris
caf2ba8c-0f4a-4252-9d8d-acfd491ef668;Brandon Leonard;6;True;2008-09-26 08:04:23;Angelica Wall
f8dc11cd-43ee-4c27-9d11-487dd3ff0abb;Brad Howard DDS;2;True;2001-09-14 12:04:23;Lynn Frazier
5870eac5-b66d-4bff-9019-03262d619eb5;Carrie Freeman;4;False;2019-12-26 14:02:23;Joel Garcia
20210052-e936-4514-acd2-ff258ced069e;Lauren Hicks;6;True;2010-07-19 08:06:23;Steven Rose
9af48216-a09d-4d9c-ac98-6b552095cfc3;Molly Richardson DDS;1;True;2003-11-16 17:04:23;Kathy Harvey
8caf2440-348e-4dc5-a6b3-c4c941629eb6;Corey Rojas;1;False;2005-08-11 12:02:23;Jesse Morris
5259aef4-8591-4031-929a-061477d0da6d;Anthony King;6;False;2017-06-26 16:06:23;Julia Montgomery
c1a15f72-60a7-43d9-95ba-6ed1aa98bcc6;Wanda Russell;5;True;2012-10-01 18:04:23;Dr. Travis Conley
bee10cba-2257-4dde-8a5f-8b5247d2d3d1;Michael Garcia;1;False;2004-02-27 16:06:23;David Vega
4db3f1ed-9cd2-43e5-9f98-c2a67c014b5d;John Hughes;2;True;2006-02-08 08:04:23;Dr. Mitchell Potter PhD
f02a2e1e-0993-461d-8da5-8a8eafb09e68;Jose Taylor;3;False;2023-02-01 19:04:23;Colton Christensen
b84ff682-7b22-4b39-baa2-d0b6f4b9962b;Angela Esparza;4;False;2006-07-21 11:04:23;Katrina Mathis
48a54a95-2485-4e21-bcd5-b6ae9756bd2f;Arthur Hansen;4;False;2015-12-01 13:01:23;Sara Chen
10dae13c-62c4-474a-8a9d-861d5a6ae876;Terry Khan;2;False;2014-05-23 18:02:23;Robert Evans
24ec2bc3-2efe-4223-b42e-6927437be982;Lee Todd;1;True;2019-10-19 18:06:23;Donna Shaw
33c6e511-d1ef-48ab-9a74-f84d3ac5501b;John Jones;4;False;2023-12-22 16:03:23;Patricia Meyer
d45eaf70-a7b3-48bc-969b-eef535ba4ac2;Luis Leach;1;False;2016-05-10 15:02:23;Ryan Carter
d1110b75-d11a-40cb-8548-54c9caaa2c48;Ronald Krueger;1;True;2003-06-02 15:06:23;Sylvia Mora
07bbf46b-6740-4cd7-b4de-70e6bfbc2f35;Jerry Rose;8;False;2004-02-25 10:06:23;Nicole Sandoval
b0294db3-4b44-4daf-9c47-0fba63a0b44a;Zachary Bates;1;True;2004-07-11 14:02:23;Charles Rios
bb78c9a7-96b6-41a3-a4d2-9066e0c7c065;Kristin Carter;5;True;2005-01-19 16:04:23;Kathleen Mercer MD
7541a119-ac9f-44f1-b74f-1a7871edb7eb;Emily Jones;1;True;2005-06-14 12:05:23;Chad Rojas
d6ddc7c3-0c04-4552-b81c-9528dee19914;Emily Miller;6;False;2000-10-01 08:03:23;Brady Walker
ef9ea670-4623-414a-8886-a69bbf1a59d4;Kevin Hahn;1;False;2006-10-28 15:01:23;Bradley Price
a3b99155-7cab-464f-b8d0-70dac704ba43;Misty Nunez;1;False;2020-12-13 12:03:23;Kenneth Greene
30e91e20-6256-4758-ab9b-e22e7a73b13b;Kimberly Stokes;3;True;2006-03-10 18:03:23;Jenny Blackwell
0710b67b-cefe-4260-a75f-8948dd8228bb;Joseph Allen;5;False;2022-01-25 11:04:23;Zachary Hopkins
9289c402-a668-43f3-ab9b-29329ad3ada7;Mario Wilson;1;True;2006-10-28 13:03:23;Karen Webb
81ad8574-a5ab-4015-acf7-214f07778e43;Thomas Smith;8;True;2017-11-02 09:05:23;Andrew Morrow
920bcaa7-44a9-4c4d-9dc9-4e9333399e91;Nicholas Moreno;4;False;2013-04-22 09:02:23;Karen Anderson
088451a5-fb80-4d8f-b44e-03f562a2136a;Anthony Jones;7;False;2014-01-23 11:05:23;Emily Lopez
fcc77c67-6ad8-47f9-b3ca-91361a1796d7;Johnny Santos;1;True;2005-05-03 18:04:23;Eric Pennington
ddfb4658-c5bd-40a5-8472-8803bf25d2c5;Jenny Rivera;7;False;2004-01-24 17:04:23;Jeffrey Williams
4460fa24-5864-4859-a0a2-a590a1d56166;Bradley Robinson;7;True;2012-10-13 16:02:23;Michael Bryan
eb3a2df8-4aaf-4086-9226-9159ffbc621e;Shelly Williams;1;True;2015-12-03 14:04:23;Brianna Galvan
ffe17d61-6b3b-40c8-ad6c-aa04d639454e;Jennifer Montgomery;1;True;2009-05-09 11:04:23;Jose Roman
14d48793-397d-4c8e-be31-3334a1130ff2;Marc Phillips;4;True;2018-02-10 08:03:23;Gabriel Pace
03f2479a-9f24-428d-a5bd-658f04a68d62;Stephanie Porter;6;False;2011-03-13 15:06:23;James Hammond
5c03721b-d125-45e9-8dbf-6ca5e575457e;Douglas Hill;4;True;2012-01-17 17:04:23;Katherine Colon
411abfb9-9a91-4a1e-9cc9-23b76af09fa6;Stacey Mcgrath;5;False;2005-01-05 16:04:23;Logan Burnett DDS
23286923-3243-4d2a-bab4-197ef96d90ec;Jeffrey French;2;True;2001-02-26 09:03:23;Christian Rodriguez
d525af94-1bfb-432b-b322-3daf12040b3c;Steve Vaughn;5;False;2005-07-09 14:01:23;James Reed
50e90e2c-0d64-4554-a630-22d8d3d49e68;James Allen;6;False;2007-06-19 12:01:23;Dustin Lowery
2e222958-e849-47d3-b598-cef0b56304cb;Kayla Graham;7;True;2001-09-02 12:06:23;Ashley Duncan
b7e73ef5-afbd-483c-9073-da97e809550b;John Lee MD;3;True;2016-09-18 12:06:23;Jason Lopez
30ffdcda-c499-44e0-85c8-d277d9584e55;George Brown;1;False;2000-11-21 10:04:23;James Love
9c2bf0a6-560f-4ea5-b924-2ccf318537c9;Janice Brooks;7;False;2000-11-24 19:06:23;Barry Wilson
e0bd3bc1-63d8-49ff-977d-b9ef46c155bc;David Pierce;1;False;2010-10-12 10:01:23;Alan Hess
61ff1c00-96fb-46b0-8255-472387e61be8;Jenny Villanueva;1;True;2014-03-15 08:04:23;Linda Nelson
07a68497-4baf-4f6a-9ce6-d6bf97663fee;Jamie Edwards;4;False;2014-01-18 17:06:23;Brandon Terry
dfa22b06-276a-45ad-b56c-023202b161a4;John Daniels;4;False;2007-11-12 16:02:23;Laura Hernandez
d99dd778-fa42-48a0-a168-46ac61181f6b;Michael Allen;3;True;2005-02-13 18:01:23;Mr. Brian Wilson
9fe921d2-fabb-427b-9829-5865b51c92df;William Lloyd;6;False;2021-02-24 16:03:23;Jennifer Nichols
2677f697-f7aa-4670-932d-a3dbf5d90e26;Kevin Barnett;7;False;2004-01-02 15:02:23;Anthony Campbell
d549d7b6-a69a-49fb-a5d3-f9db890655b7;Melissa Valdez;8;False;2002-10-26 18:06:23;Jordan Huynh
ac473cde-4559-492a-8de5-a634e2b2a5fe;Jennifer Johnson;8;True;2016-10-06 18:05:23;Tim Williams
d71ba221-38bc-4ac5-acca-708871014d75;Elizabeth Nguyen;6;False;2019-09-19 08:04:23;Sarah Roberts
480569af-38f8-4710-a131-2ad72c4a2092;Shelly Weaver;4;True;2022-06-05 13:06:23;Melissa Cook
56565388-8cbf-4bc3-83ef-78d55259d6d1;Michael Holmes;7;False;2022-03-16 09:02:23;Dr. Rose Howell
ee52869a-f05c-4b86-a704-7a1f1bc8062c;Aaron Huffman;8;True;2003-08-01 10:03:23;Debbie Olson
e90199aa-e64d-461f-bd45-336cf4e1ed83;Jessica Allen;8;False;2020-11-14 18:06:23;Cristian Pierce
a86e619c-e83d-49f8-8a41-1c4354054d0c;Stephanie Ortiz;7;False;2006-01-10 13:02:23;Mrs. Denise Campbell PhD
904df19f-5153-4c46-9314-ebede01e3cae;Shelby Walker;4;False;2018-06-25 11:04:23;Loretta Miller
757c620c-9b1f-47ac-a952-4a57a319e4dc;Michelle Smith;1;False;2000-12-06 11:03:23;Joshua Best
e89bf6f7-d6d8-4261-ade3-03827c9280a8;Robert Brown;5;False;2011-08-05 18:05:23;Jimmy Gallagher
93de4070-46f9-4ac5-acc6-4c3d6d462c90;Matthew Cruz;6;False;2002-05-04 18:04:23;Hailey Dixon
362cfc5e-4b8d-4513-a9db-0560fdd1a8c6;Jesse Cardenas;2;True;2021-08-19 09:06:23;Kimberly Pierce
f7423bc2-99b0-43d1-bc2d-3e560a74bf3b;Michael Schmitt;1;True;2003-05-22 13:05:23;Brian Taylor
97c0b509-a610-47b5-a011-a58b6f89dfdd;Kathryn Schroeder;4;True;2007-08-18 19:02:23;Kenneth Johnson
35f0af74-67ed-4e4b-95ed-0a6bf51ee228;Timothy Weiss;3;False;2014-04-09 18:01:23;Jessica Lindsey
971372fe-e001-4465-bff6-de7623e788aa;Julia Brock;6;False;2016-03-26 19:03:23;Lawrence Cook
d447c05c-c9e6-40a2-913a-6346c66a05b8;Paul Montgomery;8;False;2020-02-06 10:06:23;Courtney Daniels
21605ea7-ce46-4be5-bc24-1083988a9a72;Jennifer Gould;5;False;2012-12-06 19:05:23;Melinda Williams
da4f65dc-a5b7-467e-b37f-9638654c3fee;Daniel Bennett;6;True;2021-04-09 14:01:23;Donna Ho
4872df2f-176c-4533-9ed6-f257c32a2e45;Emily Rice;2;True;2021-02-04 09:05:23;Jason Franklin
4ba581d4-7b74-40ee-9d3f-cbbc5cd390b1;Alexis Hill;7;False;2018-02-15 14:03:23;Randy Villarreal
25f99067-8ab4-4b0f-9e61-c61a0fb0e87b;Jessica Stephens;2;True;2015-11-08 09:03:23;Jenna Cruz
f6995eb7-e760-42b6-9447-7f85c9926c0a;Timothy Rodriguez;8;True;2023-04-20 17:02:23;Patricia Chambers
2b893698-6182-4a1d-ba49-92ab8c5d7ffe;Deborah Beck;5;False;2018-06-28 18:05:23;Christine Jackson
95b823b6-4bcf-4844-874e-0f90d2fe0b81;Michael Harding;5;True;2021-07-09 11:01:23;Stephen Nichols
bed95fdb-271b-4b57-bb34-e61e372151a5;Daniel Cooke;5;False;2002-10-11 16:06:23;Haley Rodriguez
56f88661-79e8-46e0-b50b-5bb25dd2f734;Jared Vazquez;4;True;2012-06-10 17:04:23;Alicia Shields
10081861-ab2c-4658-bc37-339f791f9b03;Mr. Scott Hartman;3;True;2002-04-23 09:02:23;William Mckay
062d4d5f-5d33-4c4e-b892-06a4120c3207;Bonnie Hoffman;3;False;2020-06-15 09:06:23;Mackenzie Lyons
d23c3f71-0898-4247-9080-5713502840d3;Melissa Baldwin;6;False;2022-12-04 18:04:23;Brett Rice Jr.
7eb2bdaf-aa92-40cf-9457-81864dfa5944;Blake Foster;2;False;2014-08-19 12:04:23;Anthony Davis
84c22d90-4974-43fe-a0e3-bd08fcbd8417;Tammie Clark;8;False;2015-02-20 10:05:23;Christopher Mitchell
2f213b72-62f0-4afd-9ebd-3c19115a3538;Dr. Michael Brooks;3;True;2003-10-02 14:04:23;Crystal Jimenez
1b30fe7b-52cb-4e35-b8ca-9d87b13598de;Nicole Baldwin;2;False;2005-04-02 13:02:23;Thomas Phillips
58a4f3f7-f6c7-476f-a946-8505395cae53;Sherri Beck;6;False;2014-03-28 12:06:23;Maria Gentry
0f850995-1d6c-418d-a33b-4ba679d399c1;Meredith Wright;6;True;2019-08-11 09:05:23;Eric Sharp
2f170fb9-868d-4883-b8ed-2dbb19491aed;April Bryan;1;False;2007-06-23 19:01:23;Christopher Peterson
75d7e24c-0317-4505-9aa5-6b1e496cfe35;William Atkins;8;False;2012-04-06 13:05:23;Andrew Lewis
c6f812e1-5dab-4a18-9dc1-b71b53022c2f;Kelly Wright;2;True;2016-09-24 14:06:23;Cathy Greene
a7be93ef-1a99-4c98-a1b7-53fd501cf5e3;Gregory Allen;5;False;2021-12-18 10:05:23;Sara Gallagher
c539f01f-9d7b-4e53-962e-91a48b3cc7fb;Jason Davis;5;True;2011-07-09 14:05:23;Alexander Dickson MD
1fcbcb3d-6da4-4ae8-9bf2-ead397eee453;David Watts;7;False;2017-05-25 18:04:23;Charles Richmond
770acdd5-30af-4ac0-bfd4-95c0f833e5a1;Mary Jackson;4;True;2011-02-11 12:04:23;Jeffrey Rose
a15513d4-3146-4d53-a988-354dde8f960a;Stephen Bond;4;True;2006-01-08 19:04:23;Katrina Moran MD
14e5fe6c-367e-4f3e-bb58-2615d8d760a1;Jill Gomez;7;True;2017-10-07 10:03:23;Jennifer Newton
856bf245-3655-4f35-bb37-a04a81143c0d;Andrew Wilcox;6;False;2008-12-05 18:03:23;Kristin Kaiser
28a43ce1-8918-46eb-a409-f15226f77fc2;Lawrence Barton;4;False;2013-01-25 17:06:23;Shawn Mitchell
3599ee81-6fa5-4cc9-81ad-737e0fabe12c;Cole Hayes;1;False;2015-09-16 11:05:23;Christopher Silva
67549ef6-f12c-4b94-8591-e2c91c7b7f71;Louis Cox;5;True;2013-07-28 09:01:23;Justin Wilson
401c8423-21ea-40e7-a048-022a51fbe7de;Andrea Palmer;5;True;2006-01-24 15:01:23;Angela Mays
85a1036d-91a1-495d-82a3-fecf0c6ce478;Kevin Knight;3;False;2010-06-28 17:01:23;David Johnson
a1bf6a82-0c74-4c01-b785-786b967f283e;Madison Gray;6;True;2023-12-15 10:04:23;Andrea Le
e6e53b00-efa3-4343-a3dd-36eeb796e4f9;Nicholas Grimes;5;False;2017-12-08 12:04:23;Bradley Stevenson
60f6c866-34d8-4d83-bb6e-12b34a9455b8;Abigail Wilson;3;True;2014-09-28 12:01:23;Deanna Williams
b7e4cf02-f72a-4226-86af-7670a7a2fac3;Kristina Reeves PhD;2;False;2007-06-17 12:02:23;Chad Morales
baaf76f7-92c5-4f74-9c69-419b4f34c27a;Jaime Cox;6;True;2013-10-02 17:04:23;Thomas Collins
9cb5fcd8-0743-4439-b247-92a914aec9c3;James Warner;4;True;2019-04-11 17:03:23;David Patterson
2f0f0dd4-1cc7-4b64-b731-ececcb33e5f9;Amanda Fritz;1;False;2013-07-12 13:05:23;Randall Gordon
4babe1ce-0652-44da-bddb-683c1f60ed2b;Emily Walters;4;True;2021-07-08 09:05:23;Nicholas Gilmore
016d1d04-0ac9-4734-8620-a99177d1165d;Michael Freeman;4;False;2022-09-03 10:02:23;Denise Gallegos
8a28fbd5-faed-4b12-916d-821304ed4963;Derek Smith;7;False;2021-03-06 18:02:23;Nancy Harris
e5326308-c95b-4c65-b516-2f4ca39b423f;Gabriella Herrera;6;False;2015-10-09 16:05:23;Michael Palmer
e81300e9-d977-4758-9916-989f20b0bd21;Diana Smith;3;False;2021-12-01 12:06:23;Nathan Santiago
1b23c2fb-ff5f-417b-aea5-2086201b45b1;Sara Glenn;6;True;2011-03-01 15:01:23;Bruce Dickerson
d215b36c-da5a-426a-87b1-ea03c653f7cb;Jesse Ryan;8;True;2012-09-17 12:02:23;Jacob Morton
8d603a77-de8f-4c27-9a19-e0e4ee2a3dac;Charlene Sloan;7;False;2006-11-10 14:02:23;Darrell Yoder
a48c067f-f614-4399-970a-4fea534e337f;Robert Andrade;7;False;2013-11-10 08:05:23;Christina Davis
cf6257b9-a8e0-415c-ac99-beee672280ed;Malik Alexander;2;True;2004-01-20 18:03:23;Philip Ramirez
0ea2669b-4bd2-45e1-872b-d9795f1642ad;Brian Stout;3;False;2015-06-01 19:03:23;Victor Goodman
51293131-febd-4e19-823a-a42bf1a639e1;Julie Farmer;3;True;2016-12-07 12:01:23;Vanessa Martinez
a769ae34-4f35-46cf-bf58-c308f87681b5;Robert Zimmerman;6;True;2001-04-23 09:01:23;Angela Yu
6ae46d9b-f3e0-470e-92d9-ea5ce150e6f5;Andrea Montoya;8;False;2002-04-03 09:02:23;Kyle Wood
99998d0e-6790-4f56-9596-7a0e2d53b274;Maria Costa;2;True;2013-03-13 18:04:23;Sara Wright
928cb107-c8f1-4307-9eac-fc58ea46d641;Linda Wilson;7;True;2018-05-07 09:02:23;James Mcclain
18aeeab5-4967-41a4-92f2-7d4c44845b6d;Kathleen Oliver;5;True;2007-05-28 19:04:23;Daniel Dorsey
f766cdab-ae00-463d-a63b-45349ffd464d;Heather Bullock;8;False;2017-01-25 11:05:23;Maria Shaw
17e42ed0-43b8-4388-8ae1-12ff8a509569;Jeffrey Steele;4;True;2010-11-19 12:05:23;Carl Gomez
27c68565-7736-4425-ae61-e3ed6c20d462;Shelly Chavez;4;False;2005-05-21 08:04:23;Paul Adkins
a6132b1c-e891-488d-991b-a37ceb74e362;Elizabeth Burns;6;True;2004-04-14 17:04:23;Madison Taylor
ee9b1b3c-1b6b-4a0a-8ea5-eaff6e99e34c;Hunter Kennedy;4;True;2007-09-10 15:06:23;Christina Little
62e1314f-593f-4e8d-b005-75cee3013944;Pamela Horn;2;False;2021-08-23 18:02:23;Frances Hernandez
10e181fe-f6bb-424f-88fe-d9fd157386f4;Kim Baker;1;True;2017-06-21 11:05:23;John Jackson
50fb2f2e-0ff3-49f5-a330-231f2994d1ce;Seth Floyd;1;True;2003-03-04 11:03:23;Frank Miller
5ed32476-f105-4660-84d3-a59823a7bbea;Denise Morgan;1;True;2004-06-09 10:03:23;Tyler Morse
e3ac8c44-b0b4-41b8-9696-de2c8ec72d72;Elizabeth Cook;3;True;2003-06-26 17:02:23;Paula Drake
3c776381-a1a0-4547-bb1a-d9ce454ef19f;Matthew Werner;5;False;2006-11-06 15:03:23;Scott Cordova
fe0c7c58-f103-4ad6-8b81-01cff8aeee52;Jeffrey Hansen;3;True;2005-11-10 12:02:23;Jill Leon
9d45791e-da73-4234-95be-201e5ce4a607;Michael Obrien;8;True;2010-04-05 14:02:23;Richard Cowan
900d93e1-c0b0-413a-aa4b-ed04a5d63605;Teresa Parrish;5;False;2009-01-08 17:05:23;Justin Wright
b82a0861-708e-4f92-9b97-b5e167b9ed03;Brian White;7;False;2007-02-23 08:05:23;Crystal Bryant
a939589c-56b1-4468-a5d2-4ec7f3d2d0d2;Robin Garrison;1;True;2016-12-20 16:02:23;Jim Duran
d0933955-945d-409d-922b-daa8a893e3a9;Christopher Lopez;6;False;2001-10-09 08:02:23;Anthony Stone
5864a889-92e4-4d47-ab17-b1625a2cf980;John Fernandez;1;False;2007-04-10 18:05:23;Brian Sherman
996b888a-cbb4-4c79-b5eb-3d3cb06f5f79;Claudia Stokes;5;True;2017-07-27 17:06:23;Lauren Ashley
05c8e628-048f-46cd-9807-76e90499771b;Kathryn Perez;4;True;2002-11-28 08:01:23;Jorge Morales
c78aa6ca-afe2-46d0-9773-d8e265040910;Sharon Lyons;7;False;2017-06-08 12:03:23;Michael Morgan
92b95e97-d35b-47df-a02d-32e2f5a866a3;Carrie Turner;3;False;2017-02-11 09:06:23;Christopher Crane
179a144e-8b30-442e-b0b2-ab8ca4db760c;Matthew Grimes;4;False;2008-08-13 13:04:23;Haley Martinez
19b4d5e5-547e-4b67-8a42-27239de87788;James Cole;6;False;2008-09-10 10:05:23;Brandon Barron
5bf34d12-080c-42e0-9ffe-a37b15140578;Nicole Hawkins;7;True;2000-11-27 17:05:23;Dana Robertson
99386922-d003-4eee-ae55-8152ad28aa21;Cory Baker;5;True;2002-01-07 12:01:23;Carlos Ruiz
5b68f500-814f-4210-b88b-5912f7512ec3;Nichole Rosales;8;True;2014-11-20 12:03:23;Jennifer Erickson
0fa29ad1-2169-4c94-b2a0-36dea45b0621;Luis Cruz;1;True;2013-06-06 18:01:23;Frank Brown
9c936013-a619-4732-a76d-61230e77218b;Erik Smith;3;True;2020-08-25 16:01:23;Daniel Stein
ff33e500-0899-4b98-a52d-029b535f3d60;Samuel Johnson;5;False;2000-02-24 10:06:23;Katherine Herman
59bc2d43-36df-4c3e-93ba-7fc5269a6223;Bethany Sherman;8;False;2023-12-12 16:04:23;Stephanie Brown
31941090-4dae-4795-b1b6-aea46d16ef1f;Mary Ramirez;3;False;2016-12-15 08:02:23;Alexander Lopez
bc5b07d7-5a74-4b93-b9c8-cb6711d8a582;Katelyn Evans;3;True;2007-12-20 19:01:23;William Moore
8d4050be-ad15-4e32-9651-6890e8c2f80c;Leonard Diaz;6;True;2014-06-07 19:04:23;Victoria Acevedo
efeb62c4-6978-4178-8117-6b133b9504d3;Jason Mendez;2;True;2021-05-04 12:05:23;William Ramirez
70a34d35-a722-4a41-848d-02cc9d450323;Terry Williams MD;4;True;2014-09-22 17:04:23;Kristine Butler
7e83fec0-2f98-4cf0-9d53-d62590956bed;Tammy Young;6;False;2020-02-13 19:05:23;Frederick Stevenson
d970e7d7-cf77-4f73-bfb1-4bd88d44ec47;Willie Ross;7;True;2019-11-05 08:02:23;Rachel Farmer
75b7b402-00c9-4e63-8896-671facda2329;Louis Collins;8;False;2014-09-16 13:03:23;Colleen Olson
c051bb9b-9f13-499b-9c8c-5f7c25be4af4;Kellie Vasquez;2;True;2013-01-25 17:01:23;Amber Moore
fd596f84-774f-4b56-8802-b3d38db39f86;Evelyn Davis;2;False;2008-06-24 10:05:23;Alec Davis
a713cf87-4eb3-4b76-a732-3a7fcecf7c97;Kenneth Douglas;7;True;2014-10-14 12:01:23;Johnny Leonard
a31938b8-6df1-476c-94d3-1d09a07e89dd;Joseph Newman;7;True;2014-05-20 08:03:23;Andrew Avila
66647a0e-4cb0-4f38-8165-7759abc378d2;Edward Gregory;6;False;2003-08-02 18:06:23;Jason Smith
82e70ebc-c0d4-46a1-b0b2-1cba9c54e72a;William Francis;1;False;2000-12-18 10:06:23;Don Murray
6692917e-280f-4b6d-b1ad-b7a4ce2e83bb;Lisa Jones;6;True;2008-02-06 08:01:23;Karina Patton
ae6de61b-220e-4875-ad3e-d00818dc7f72;Travis Garrison;2;False;2020-10-18 11:05:23;David Mendoza
966e23a2-672f-4123-8864-5a444719c208;Glenn Davis;8;True;2006-09-02 10:05:23;Glenn Tyler
b580034c-8ef5-4815-9858-208ac6043ec6;Kevin Young;1;True;2018-08-28 13:06:23;Christopher King
195c3ddc-1e1b-4010-b2d0-52b67de33a36;Dr. Jeffrey Haley;5;True;2012-10-20 09:03:23;Amy Wilkinson
65b4bc6b-fde1-4cfb-b62f-b55b23511a3d;Alexandria Baker;7;False;2021-08-12 14:03:23;Jason Boyd
3d9da564-6cc0-48a8-b0d9-31c0fe982066;Miranda Valencia;2;True;2020-04-14 09:05:23;Christina Myers
4c4468fd-5755-4772-a96b-ddbe3b8abbf8;Ashley Morris;2;True;2021-08-15 15:04:23;Joseph Little
06cc5d3e-dce0-4896-9e81-6636cc36775f;Jessica Taylor;8;False;2012-04-26 17:03:23;Nicole Taylor
f3e5fe79-6fc1-4696-bff3-64fc60475fdf;Tracy Jones;3;False;2003-10-16 15:05:23;Nancy Simpson
13220d3a-8610-4286-8d5e-8a5a30fbd287;Sarah Mann;5;False;2001-11-20 17:01:23;Stephanie Foster
316b899a-08c5-45b1-b4fe-35dae616ba74;Bruce Morrow;2;False;2009-08-16 09:06:23;Eric Wallace
cac68484-eb61-434a-94de-21871dc7e52b;Gregory Robertson;8;True;2016-11-20 10:02:23;Jessica Thompson
5560cd82-32fa-4f99-aa97-3ed26d8330f5;Daniel Thornton;7;False;2005-10-15 18:03:23;Henry Lewis
169c884b-1d28-4ea9-bd34-5fed47a1ee2f;Laura Shaw;4;True;2015-11-02 18:04:23;Christina Gonzalez
fe23a6ec-1b45-4c84-8f36-6e9389e08063;Margaret Hodges;1;True;2013-09-20 10:02:23;Jorge Simmons
0f383a4a-4738-4ed0-9538-738bff36a988;Mark Fisher;7;True;2017-01-03 12:01:23;Micheal Bullock
a1e1e7f5-28db-4180-9c13-4c4b316ec9bf;Timothy Dixon;8;True;2007-03-14 09:02:23;Kristin Bryant
2ef2914c-8ec7-423d-8c89-b6c4eb3b076d;Candace Edwards;1;True;2007-07-24 10:01:23;Danny Barr
36922079-342f-4249-b6cb-dcdd430fe805;Shawn Harris;6;False;2003-07-08 14:06:23;Kurt Johnson
6136b9ff-710c-4d74-89f9-33f34de7cbe0;Nathan Johnson;4;True;2018-04-01 10:06:23;Justin Stephens
30f38583-a4c6-4dce-a24b-d0f102851234;Kevin Haney;5;True;2012-02-05 10:01:23;Jose Ramirez
2633aae8-eed5-4995-bc0e-11a4d6e94672;Scott Cole;8;False;2016-10-19 09:05:23;Kimberly Wright
3c293f7a-388f-4a78-a136-3c601e71d764;Jennifer Rogers;3;True;2004-12-18 14:06:23;Melissa Ward
ab9da245-ad9c-424e-a03a-ee3e1bd6c502;Teresa Mathews;8;True;2016-09-16 09:03:23;Brianna Mcdonald
5bbddbcd-25e2-47ca-9fc4-bc6bcdd38542;Samantha Wolfe;7;True;2002-04-03 15:02:23;Michael Baldwin
2f61a4ac-68fb-4707-9456-217ea8cbdc21;Michael Campos;2;True;2020-03-16 12:03:23;Alexandria Nielsen
5caf4b1f-20ef-4200-8591-ab8e946be2be;Scott Reynolds;8;True;2012-10-07 12:05:23;Christopher Dixon
f7e56377-8a47-4c7a-99ce-18ed8afd9ef3;Edward Atkinson;3;True;2015-01-06 11:02:23;Caroline Braun
e74598f2-4afc-4feb-83fd-5066148c7851;Lynn Thomas;5;True;2000-06-20 08:06:23;Robert Williams
752bb5a1-987e-44b0-83c1-f8d1aded86ad;Jesus Garcia;8;False;2020-11-20 10:06:23;Mckenzie Romero
7f3c4327-2482-4e1d-bd82-6b13590e915b;Patrick West;2;True;2008-02-15 15:05:23;Matthew Lopez
26762cc4-995f-419c-8242-b6267d127263;Roy Mcgee;1;True;2016-03-22 16:02:23;Mariah Nelson
718e1d74-97d4-4587-bd23-0fc02d8ebd8a;Tasha Butler;8;True;2003-01-27 08:05:23;Julie Walton
1eaf3cbc-4006-4f00-b20c-13105a88ca8d;Gloria Wood;1;False;2000-09-02 16:06:23;Brian Flores
9b89a791-022e-4696-aff1-ff27956b4c5b;Joshua Reyes;1;False;2009-03-24 09:01:23;Louis Sellers
4d13ebd1-d2bd-484b-9bd8-340a01c52208;Brandon Pittman;7;False;2019-04-24 19:06:23;Amy Cross
08256a8b-66ed-4e70-95ab-fc1763e54c25;Mark Ball;5;False;2010-09-10 09:02:23;Colton Jackson
e2b2e96b-cc44-4763-9d52-9064cce36688;Jonathan Parker;1;True;2019-03-12 12:03:23;Toni Solomon
791ad181-8385-4625-8724-fc0b914fb10d;Chase Clay;5;True;2020-12-08 12:05:23;Stephen House
01de4807-d232-4892-8bca-0f8fd4de504d;Troy Mckinney;3;False;2010-05-28 11:03:23;Christopher Ramirez
8818ddd7-20f5-42d3-b0fd-bf78a14f5dc6;Sabrina Baker;7;False;2011-08-08 14:04:23;Jeffrey Padilla
1494e6ce-d8ea-431c-9669-802dead7fbfb;Matthew Carpenter;5;False;2008-07-03 15:02:23;Michael Gonzalez
85b32ccf-c484-4e15-9bf1-4c07e64ccb08;Mark Montgomery;4;True;2006-12-22 10:01:23;Lindsey Patterson
2c16fb33-b0c5-42b3-96bd-878f561ce2c1;Jessica Clark;4;False;2017-09-18 13:05:23;Amber Olsen
44856ed6-c454-4161-8ed7-18d2f7520338;Michele Lewis;3;True;2019-01-13 09:02:23;Thomas Robinson
64938081-6dbc-4d1b-8b0f-36f18d9ce087;Richard Martin;8;False;2000-01-15 08:05:23;Cheryl Stewart
f8c1abb2-81f1-4348-adff-23ddcd47543c;Rebecca Sharp;4;True;2015-02-20 18:05:23;Denise Wallace
33f4a10d-ff6c-4af7-b85d-65ef22568f4f;William Smith;3;True;2002-04-27 12:02:23;Tracy Harris
89c7a0de-749b-4f3c-9602-d733bace1842;Lisa Ellis;3;True;2003-03-05 18:01:23;Ashley Barton
8c369c5f-ea2b-45a0-bb3e-7ad7b13b0cc3;Regina Olson;2;False;2014-11-18 19:02:23;Tara Miles
24ecc1c1-9d33-4032-a0c1-055fb5402cb4;Ashley Smith;3;False;2006-05-20 19:03:23;Katherine Larson
64744281-6dc7-4deb-8219-2cd2dfc3b5b5;David Hernandez;1;True;2023-01-22 09:06:23;Timothy Haas
ea821a7f-200d-4cad-b49e-799f87f28958;Candice Wong;1;False;2015-12-25 13:03:23;Sydney Johnson
aa5ec630-2078-4076-8253-c4114d16277d;Shannon Diaz;7;True;2016-08-15 08:05:23;Debra Thomas
0458dca9-0053-4dbc-9625-f0ed7c47673d;Shane Hall;2;False;2012-09-16 11:06:23;Billy Johnson
a7204b62-dfdf-4fb9-b43e-fddc2538431d;Laura Wilson;1;True;2000-05-05 15:02:23;Jason Johnson
d60759dc-e249-415d-9514-7b39532a0bce;Robin Jackson;2;False;2015-08-25 19:02:23;Kiara Wise
da48d6a8-4a61-4f54-837a-ebe53a04dff3;Sherry Miller MD;3;False;2014-10-10 09:03:23;Dominique Scott
e68937d9-7647-4f19-94c6-e4d1ffce3710;Christopher Kent;1;False;2008-02-10 11:03:23;Susan Bowers
06dc1254-aa1e-471c-80c8-ada96a721f76;Sean Walker;6;True;2001-02-23 13:04:23;Gary Butler
c0c77902-cd9a-4830-bc6c-72d3df1b406e;Sarah Cruz;3;True;2014-05-08 11:02:23;Randy Brown
5f663e28-02bf-4e29-a383-401bf56ad654;Michael Bryant;6;False;2021-03-27 13:01:23;Jennifer Brooks
c46fd169-0f76-4839-8eea-a3d65f362ea4;Reginald Lowe;4;True;2022-03-13 12:04:23;Amy Smith
447e45c4-4610-4b60-8d04-76316cb5d5b9;Brittney Perez;6;True;2014-05-25 12:06:23;Ryan Richards
af4e446c-ceeb-4a05-a9ee-0f73dcd56402;James Tyler;1;True;2016-01-11 13:05:23;Dustin Welch
650e2dcf-241e-4625-a928-fb24c0990d5c;Regina Scott;8;False;2009-04-13 15:05:23;Rebecca Gilbert
c4c3b589-6f8d-467c-8aa0-2da6fe256cd4;Matthew Lang;2;False;2006-06-06 17:01:23;Adam Townsend
754de3e4-19a6-454f-b976-8d0805b2aac5;James Carter;4;False;2021-07-01 08:02:23;Robert Ford
484e2fc0-3de3-44eb-821c-b491dcbba4c8;Angie Cummings;8;False;2013-09-14 19:06:23;Lindsey Campbell
a5bb45b1-11a9-466d-9a6b-e77b34b234f6;Lucas Rodriguez;3;False;2016-03-10 12:02:23;Thomas Freeman
00af0213-c956-4adb-a318-0d43390ab74a;Stefanie Alvarez;4;False;2008-11-28 17:03:23;Nicholas Berger
f7611468-6317-4cd5-b1e0-f014b941d745;Linda Ryan;3;True;2012-02-14 17:02:23;Theresa Payne
b479ad89-963e-4bfb-8b04-4217feb2de23;Alison Horton;6;True;2017-08-08 11:05:23;Julie Rogers
76c91479-4fdf-4e18-81f2-1574bd55162c;Stacey Kramer DDS;8;False;2020-10-26 11:03:23;Alexander Russo
6c94b6f4-500a-4ce2-990a-1358536c495c;Brent Shelton;5;True;2010-07-25 12:01:23;Andrea Harris
a2217f95-a4d3-425f-95ee-0798b142f65d;Shannon Lopez;4;True;2008-02-09 14:06:23;Deborah Thomas
24a785ab-b46c-4c87-ad3e-b5d00f2d6503;Mark French;2;True;2002-01-19 12:02:23;Erik Gross
08af3b25-6fd7-4608-9ce0-e9864b28c366;Aaron Gould;6;True;2021-08-26 09:01:23;Dana Tate
d9310d69-6e10-43c6-97d7-36be9d57eaec;Tracy Gardner;5;True;2010-02-22 11:03:23;Wayne Zuniga
f261d7b0-3e57-4d41-9f1b-2e995e57e313;Candace White;7;True;2014-10-20 14:03:23;Gregory Stewart
d2553f2c-250e-4688-b29d-d27dd81b950e;Olivia Jackson;5;True;2003-06-24 15:06:23;Todd Adkins
bfe0a276-2404-42fc-a8af-c9030b1099c0;Brian Webster;5;False;2021-04-26 14:03:23;Marcus Mcconnell
3a345d31-c500-4910-a5cf-a717ff0b4428;Melinda Phelps;6;False;2017-03-28 18:04:23;John Burke
759513ee-dd80-495f-a8c3-576c24e462a4;Candice Davis;7;False;2014-04-12 13:04:23;Sarah Ramirez
0e983a4f-693c-4a57-a498-e6b47bf3139f;Katherine Hall;1;True;2019-05-19 16:05:23;Christina Solomon
69338cd7-58fd-4b3c-9bce-7eb48e4af43f;Richard Navarro;6;False;2009-04-15 16:02:23;Russell Johnson
da12e1d4-f73b-4f87-b477-f2d454855980;Stephanie Johnson;8;False;2021-03-05 10:02:23;Derrick Brown
4213b154-6772-4c67-83e8-be40a03738ae;Eric Davis;8;True;2017-10-26 12:04:23;Jasmine Wright
fb638412-4eab-4752-97f9-b5e947d3e641;Jacqueline Harding;8;False;2023-10-09 09:02:23;Amy Riley
63b84429-4c47-49f4-82be-5e59744ce0bf;Gary Banks;2;False;2022-07-19 12:04:23;Seth Cox
a57f1bbf-8b6e-4767-9144-0d41331c6b64;John Anthony;6;False;2011-04-07 19:03:23;Michael Thornton
fa21df72-4470-46de-85b3-72f8f10adcb3;Karla Harris;7;False;2009-02-03 09:04:23;Susan Hutchinson
e1c47784-4e0c-4dbc-9315-50a4bcd2178c;Roy Mckenzie;1;False;2023-11-23 08:05:23;Charlotte Wang
f595ed94-5856-4a55-9361-4ef8fa6a8936;Karl Garcia;8;False;2021-11-23 08:06:23;Nicholas Vasquez
802b2b98-0893-4264-b453-1a7edf3e6336;Patrick Freeman;5;True;2019-01-21 13:04:23;Jessica Guerrero
b730d1cc-3bab-4794-b701-66b29b762168;Jordan Ramos;1;False;2001-09-03 08:01:23;Katie Roy
a02d929a-f6c2-42a0-8c26-4c7dda458564;Brandy Tucker;2;True;2005-04-01 18:05:23;Thomas Gibson
73b3bd03-2db5-445d-94d1-1e951e3509cd;Jennifer Roman;8;False;2016-05-16 18:01:23;Leah Garza
aa35ce79-3fb1-4b6e-9a4d-f543493e56e7;Anthony Nguyen;4;True;2023-02-18 14:04:23;Wayne Gomez
8de53b47-d281-4302-ba45-c1709742a7a8;Paula Stephens;4;False;2015-04-15 13:06:23;Amy Allen
7837188e-a819-4cb9-a9f9-039d429a281d;Elizabeth Graham;4;True;2019-03-21 09:01:23;David Fuller
d5a56b29-992e-4c64-97f0-ac9314485cd6;Raymond Watts;3;True;2019-10-21 10:02:23;Jessica Nelson
fa60980f-f8e3-410b-83f6-b5251e17c1e9;Jenna Martin;8;True;2007-02-13 16:05:23;Alice Holmes
0baf266f-bb01-4e18-afcd-c3671ccb9864;Gerald Cuevas;2;True;2002-05-05 15:01:23;Tracie Hester
f6283faa-b53a-491a-b4d3-f3d901ee3b05;Nicole Rhodes;7;False;2015-07-14 13:02:23;Jennifer Blair
361acdab-49b7-4aa9-96f0-b6c10b849240;Jacob Rowe;7;True;2010-05-22 08:03:23;Brandi Miller
3395acdb-7457-42a9-94fe-eababa00cdbc;Nicole Arroyo;1;False;2019-11-09 17:03:23;Annette Garcia
de5b1679-dea6-499f-97aa-87813cef63ee;Linda Diaz;4;False;2015-11-28 12:06:23;Scott Haynes
ae9f57e9-bab1-41c1-bf81-9f70a0cf6800;Crystal Brown;8;True;2015-06-03 18:01:23;Holly Mendoza
cf0a5a74-94bf-4109-9751-3afcf5e063a4;Paul Turner;7;False;2021-01-07 09:01:23;Bonnie Sanders
a96d4803-96b1-4994-a330-a47906c7c223;Mrs. Sarah Byrd MD;4;True;2012-01-15 09:06:23;Travis Hutchinson
221025a7-e6f0-4a68-9673-ea1ed6c6128e;Carl Vance;6;False;2004-11-18 11:03:23;Douglas Miles
0ee49f7d-3a5a-41f7-b047-f14fbe0f0208;Donna Manning;5;False;2004-07-08 18:02:23;Kathy Evans
29feccc4-3cf3-47f5-b47d-7388c45b809d;Nathan Jensen;5;True;2022-12-20 13:01:23;Olivia Martin
7556e161-f0ef-4771-b4a9-ea2bf94731e6;Jeffrey Becker;5;True;2014-07-04 13:05:23;Jordan Knight
1c730cf4-c2de-4a68-9a0b-00560bf98a12;Jean Howard;3;True;2012-09-13 17:01:23;Sandra Miller
6d5be878-af5d-4dc7-861c-e1a3aaa85def;Andrea Hall;8;False;2015-07-05 13:02:23;Jacob Edwards
6adb3c0e-720c-4d98-8c8c-7f123d928e29;Ryan Salinas;7;False;2015-05-28 17:02:23;Diamond Mcintosh
2aedf5b3-135c-4b65-a8af-b863759c2751;Mark Stevenson;8;False;2022-02-24 12:03:23;Elizabeth Wang
f25f3c3b-1c8c-45d7-b651-47f94b1ae7ae;Cynthia Turner;3;False;2017-08-16 12:02:23;Jennifer Benson
0a80aecc-8af6-4e5c-9a02-3d336a7b3ae1;Lynn Lowe;7;False;2015-10-19 16:01:23;William Marsh
fa5ab4bf-9c18-4f6f-843d-4132fafd852d;Ryan Pace;8;True;2022-12-18 13:05:23;Wayne Phillips
47774b8b-6984-47b7-8d9c-4f67bd9c7247;Susan Walls;7;False;2007-06-11 14:03:23;Benjamin Craig
c7a71267-b725-4807-b4f3-19ec2ab50981;Mr. Aaron Mccoy;3;True;2009-08-03 17:03:23;Christopher Johnson
f3e590da-426d-4a58-b29a-0106ffa9ddbb;Michael Green;6;True;2014-04-13 18:03:23;James Sutton
089f7f81-6d3d-4fd1-9597-d8dbb5534c69;Steven Ramirez PhD;6;True;2023-02-21 08:04:23;Ryan Freeman
2734aa48-5c39-4034-a793-07807ab20d23;Crystal Lin;4;True;2008-04-14 17:03:23;Brandon Hill
baff8859-4de4-4566-aec2-40111afd794a;Michelle Dalton;8;True;2023-08-20 19:01:23;Brian Hodges
4b82401e-2b3a-4aac-8e3c-8602290d21f2;Amber Williams;2;True;2008-04-08 16:02:23;Melissa Williams
a434fc4f-5f35-4f63-9b70-6579a79bb920;Dale Bradley;6;False;2013-03-11 13:05:23;Emily Miller
597dfad1-ea57-457d-bf77-ca0abf2ca81e;Kristine Clark;6;True;2015-07-02 12:01:23;Eddie Cook
be283d2c-b9f9-4708-9341-4d4326d32a09;David Escobar;3;False;2009-07-14 08:06:23;Cynthia Salinas
e7527182-fd26-44b2-ba3e-a539da513150;Sally Benson;7;True;2008-07-10 13:03:23;Joshua White
e5570c86-9661-4e48-91ad-d7f152cc2f28;Brenda Rodriguez;8;False;2004-03-25 14:04:23;Christopher Mcpherson
b849677d-30a9-4d40-8d90-06fa6349ff2d;Ricky Alvarez;6;True;2012-07-28 19:06:23;John Lawson
2e6335d4-e1c6-42e6-81b5-a77c5e713f33;Katherine Garcia;5;True;2015-10-16 10:03:23;Marie Miles MD
35e52c09-250e-46d8-86c4-7ed575101913;Nicole Alvarez;5;True;2007-11-25 12:05:23;Tammy Long
c91f3855-8bca-45d0-9e01-85dad3906dbb;Andrew Brooks;1;True;2016-02-26 08:04:23;Travis Scott
e35235c4-8c36-4349-8ade-a16a3e59f103;John West;4;True;2021-09-04 16:06:23;Jamie Clark
eada7d54-242f-40ca-9946-72b6d05ee959;Donna Clark;4;True;2019-12-10 12:02:23;Sheryl Swanson
6816eef5-160c-4580-a452-e868085ab227;Chad Bryant;6;False;2021-12-19 08:06:23;Monica Young
4aaf9bce-e338-45cf-abd2-af94a8fbe4d8;Luis Schwartz;4;True;2002-02-20 14:06:23;Mary Crawford
b38d49c9-dc8e-41ee-bbb4-7bbcde0ce07a;Mark Rodriguez;8;True;2008-11-15 11:05:23;Ruben Lewis
d04cb56d-213d-4e5e-8e2a-6d2daf6a4773;Kimberly Evans;1;False;2010-08-21 09:05:23;Robin Kelley
4a87c19f-af9f-4bd1-905f-988182a0906a;Loretta Gay;4;True;2007-10-18 12:05:23;Margaret Pace
d17cea6f-fdef-4c96-886a-a137d3d4f9c0;Kyle Perez;1;False;2021-06-07 09:03:23;Debra Young
1f91ed37-a503-4bc7-a656-d6fda9c20f4d;Michelle Peterson;8;True;2005-02-24 13:04:23;Lauren Johnson
2165fafb-d2d5-4826-9560-200d24cad327;Tiffany Smith MD;4;True;2020-06-26 15:03:23;Richard Patrick
4b0f0a2d-495b-401e-87df-672b386b7e7e;Lori Burgess;2;False;2020-04-08 15:06:23;Brent Horne
fcfc96b3-7ae2-4d1a-8896-7c0345a9893f;Brittany Martinez;1;False;2022-10-20 13:05:23;Joshua Martinez
1c31a16f-07f0-4a76-870a-fac7a6693075;Bryan Jordan;3;False;2005-03-17 16:02:23;Sara Hall
1b8a9abb-d15c-4183-bc53-fe147a48ec39;Stephanie Lopez;8;True;2020-04-10 17:06:23;Melissa Sims
e8e17bad-e8ac-4fc6-b8ff-846b269e0c52;Donald Khan;5;True;2018-10-20 08:06:23;Jason Marks
3625f253-fd54-46aa-9107-942fe8aa1e96;Sandra Steele;8;True;2015-10-17 17:05:23;Jonathan Chavez
81456b0d-4ef7-419b-8c64-2835aa96c4a0;Elizabeth Donaldson;2;False;2004-08-08 15:01:23;William Baker
9788c90d-07c4-4a79-ae1a-7b648745e895;Shawn Watson;7;False;2006-01-15 13:01:23;Allen Harris
db8ca2c3-258c-44e7-8243-6a9b72804e2d;Chad Andrews;4;False;2018-02-23 08:04:23;Jesse Mooney
3bfa67c6-1bc7-4dfe-9c5b-d49ce24585a0;Angela Christian;7;True;2004-11-21 14:04:23;Chad Williams
573e84b1-d47f-4a65-befe-094b4ab98ae1;Paul Hill;3;True;2009-11-22 08:04:23;Yolanda Clark
b1b19a6b-7f50-4fcf-8183-c101ed680ee1;Stacey Lewis;1;True;2000-12-12 19:03:23;Brianna Elliott
8ec58b89-d4c3-4224-9fc0-d5e1c157b3ef;Gary Howard;8;True;2000-04-02 14:05:23;Jorge Sims
67c9dd18-939a-410b-acb2-c91d4fbc0346;Sharon Johnson MD;2;True;2019-07-03 09:03:23;Terry Estrada
d78765be-2c76-4b5f-9e08-75d68c79ec6a;Jordan Alvarado;2;True;2015-11-21 13:02:23;Laura Roy
7ca6bc19-d401-4fa5-90fe-132717eaab7f;Kaitlin Anderson;7;False;2014-09-16 16:02:23;Julian Villegas
2ed4ea2f-112d-4ef0-8226-c0c060978fb9;Cynthia Ryan;8;False;2000-06-12 18:06:23;John Villegas
ae2c7c88-ec76-4434-8aba-20f3fa971dbf;Timothy Adams;5;False;2021-01-09 19:05:23;Kimberly Jacobs
53b601be-0a01-4d9e-985c-d6581dbc1c37;Molly Ramos;4;False;2007-06-05 15:06:23;Wesley Ramirez
7668ed78-a2f1-4d0e-9dbd-991a1e380f82;Paul Walter;7;True;2023-03-07 19:06:23;Cynthia Rogers
49720da3-639e-45e6-b272-9a5e7d606dbf;Jessica Perkins;3;True;2002-11-17 11:01:23;Becky Hernandez
ebfdaec5-fa0f-494d-9e8c-0340d66e2031;Brianna Thompson;7;True;2001-02-10 10:03:23;Norma Gibson
76bd4293-ac97-4f63-8801-5504ff1259a6;Mikayla Kaufman;3;True;2006-10-01 15:01:23;Danny Harris
3734edc2-32d9-4928-bc7c-3e0ca3a649d3;Connie Williams;3;False;2020-03-12 13:04:23;John Figueroa
da9e3df0-77e3-4b02-9a64-cd3d822ee017;Barbara Conway;8;True;2002-02-08 08:01:23;Derek Castillo
73bf5312-0448-492b-842b-bc11a5188cf2;Scott Poole;3;False;2006-02-28 14:01:23;Devon Zhang
f71b604b-7ef1-4f32-a469-dbef02ba8042;Judy Davis;3;True;2008-03-01 19:04:23;Randy Russell
f1223d15-5616-4c27-81f0-ae205c4d6cf3;Jenny Johnson;2;False;2020-07-11 14:06:23;Veronica Allen
e230794c-4022-43f0-ba48-5e8f004678a3;Karen Wade;7;False;2017-12-22 08:05:23;Eileen Walker
b0f08027-fa77-4e10-a4f9-cf4993be8c86;Adam Boyd;6;True;2008-06-09 16:02:23;Melissa Roberson
dc88fcb9-f2ff-413f-bb77-021cdaa2a34f;Jessica Jackson;8;False;2020-10-03 08:03:23;Charlene Mason
65cd5634-d496-4662-8f0f-8d2b1a030ebc;Nicholas Gomez;1;True;2002-09-14 19:02:23;Diana Sweeney
17ff3812-b6a3-4307-a15f-5da76cb065c4;Mary Werner;3;False;2004-06-19 15:02:23;Patrick Andrade
ef69b8bb-5a11-42f9-971f-df7962731f61;Kelly Coffey;8;False;2013-02-01 14:05:23;Tammy Warren
bd722490-a09b-4847-835a-7131b7117919;Melinda Lewis;6;True;2002-05-06 09:02:23;Dana Griffin
d73492e6-cc5c-468d-b6ce-251d4c461e24;Calvin Becker;1;False;2017-10-26 12:06:23;Richard Cooper
c187de2d-503b-46a1-8d78-b580306eba79;Mark Oconnell;3;True;2023-06-22 11:02:23;Melissa Russell
ec30b809-27a0-4e7b-a725-1b324dc2506b;David Mcconnell;7;True;2020-03-03 17:02:23;Samantha Alexander
eacc7c03-8b37-42e9-a2c0-5034d66c6ed4;Mary Jordan;7;True;2019-09-22 10:05:23;Heather Perry
f91c7d94-99ac-4540-9f79-962b6f931802;Richard Munoz;1;False;2002-10-10 13:01:23;Kimberly Robinson
6795e944-41c0-43cc-b72f-b926648ac39b;Kyle Rogers;5;True;2019-06-24 18:06:23;Walter Owens
5669b551-f5ed-48cf-a137-0bec9936614c;Terri Buchanan;5;True;2008-06-23 19:02:23;Andrew Rogers
73cf0ded-beae-495d-8ffb-f89ec4dec8e7;Michael Alvarez;8;True;2014-10-13 18:04:23;Mary Pitts
ffce3188-bde3-4836-bb9b-640a91968b8e;Shelly Smith;1;False;2008-09-10 19:06:23;Greg Shah
542b9a2e-1a43-4ba0-9864-ca7487961901;Linda Barnes;4;False;2005-02-03 13:02:23;Kelly Thomas
cd8c3eaa-4fa4-440d-9621-3597962e9c70;Jacqueline Knight;5;True;2010-10-21 19:03:23;Aaron Hinton
b7c94f01-7024-43a2-b7fb-b7e47e31a012;Victoria Bartlett;1;True;2006-01-05 14:04:23;Michelle Morris
a6b18b66-cf2a-4256-a776-2837be1ecd06;Dillon George;4;False;2016-09-15 19:02:23;James Williams
2600be3b-79c3-48e9-8de2-065fa0d84cde;Anthony Carlson;7;False;2009-03-13 12:05:23;Madison Morales
cb06081a-7c3e-4b68-8cd1-b430e6cc1a60;Riley Avila;7;False;2016-04-06 09:03:23;Logan Banks
aa2dcd5b-a48a-4365-ba8f-7e35159ea9e8;Ross Wilson;5;True;2020-08-28 17:02:23;Sarah Campos
557aff2f-a79a-46e7-9590-603f80f568e5;Ryan Luna;6;True;2014-10-03 12:05:23;Tanya Petersen
b92ebb6e-9f41-4b23-b1f8-9b0bca5f8ed6;Kristina Johnson;6;False;2019-08-22 08:03:23;Jessica Trevino
2e4bca5e-3b9e-4c50-967d-922c8ada7484;Becky Wood;2;True;2001-03-02 12:01:23;Susan Fernandez
f1d60ae7-34e7-4b94-a4c0-ea4659038980;Michael Cline;4;True;2019-05-01 11:04:23;Terri Mccormick
0a42d1a8-ff60-402e-b486-b9ccc7574cbe;Brian Perkins;8;False;2001-05-11 13:06:23;Mr. Jesus Mcknight PhD
773665a8-ee8c-4d88-b395-e241e2db472c;Lance Martin;3;True;2020-09-02 13:05:23;Michael Hays
a5f288a4-584e-4e36-aded-829afb44e2cf;Sheila Wise;3;True;2005-07-12 13:03:23;Jason Butler
03affda7-88c6-4a11-8c36-83a0f05df5cc;Kimberly Smith;3;False;2010-04-27 15:06:23;Kara James
9b404d51-0a17-422d-a995-c1ce044bc3dc;Eric Potter;4;False;2020-08-15 18:04:23;Mrs. Denise Mclean PhD
fe8bdeb6-1d17-4346-a60c-88c4fcd37799;Charles Lewis;2;False;2017-04-15 19:02:23;Gary Petersen
870fa867-2d14-4cff-ad55-c8ef7f9e4a1a;Danielle Holden;8;False;2001-10-07 18:03:23;Justin Roberts
cbd729a8-2fd6-4055-af9b-b741cd1db79d;David Hardin;4;True;2012-09-12 19:04:23;Heather Miller
c7d0516d-991c-4f0d-a7b7-af8d9aff0d53;Mrs. Stacy Ali;2;True;2007-08-06 16:02:23;Ariana Estrada
2285d52f-3c0f-4c48-aeda-08c7237105b6;Michelle Alvarado;7;True;2011-12-13 18:04:23;Cassandra Fletcher
92d86155-f29a-474b-9cb7-39785e9a6613;Taylor Garcia;5;True;2023-11-10 08:05:23;Tracy Cole
6ff79594-321f-4922-af7d-8ac8fd627397;David Wilson;1;False;2001-05-06 15:02:23;Wesley Baker
463167ce-80a6-429b-bd0b-85519dbac99a;Laura Lawrence;8;True;2010-03-26 11:03:23;Cynthia Sanchez
5a41fba3-2c1a-492d-8ffb-9f13702eed07;Kimberly Jones;4;True;2012-09-22 11:03:23;Elizabeth Castro
6fca6d3b-d3c6-40e5-b474-dc96ee641602;Gary Carroll;8;True;2004-11-07 12:04:23;Mr. Francisco Wallace MD
ca895938-f617-41ed-8764-7b35347cc14b;Kevin Pruitt;5;True;2019-07-16 18:06:23;Jessica Peterson
04f6bade-148a-4b44-aa7b-00a06ab3ff9a;Gregory Vaughn;3;False;2019-01-23 17:03:23;Melinda Lopez
f701177a-5708-4895-a5a4-77e2201262a1;Sean Humphrey;4;False;2023-12-14 11:01:23;Joshua Chapman
69e4836b-3a41-4ab0-9afe-17f0eba62112;Kelly Campbell;8;False;2017-04-17 15:03:23;Lauren Delacruz
b6c17689-debb-40e3-9949-bc7ae98e3794;Nathan Jackson;7;True;2004-05-21 19:01:23;David Santos
1223ddf0-65ed-4f7b-819d-57839906a90d;Shannon Johnson;1;True;2020-02-01 14:01:23;Kenneth Hernandez
da4b02f3-4349-4397-864f-36058e7380e6;Veronica Bradford;5;True;2010-11-11 17:01:23;Erica Foley
bc3b263a-cd15-4cc8-a4ec-ef6e49878381;Jessica Hubbard;7;False;2002-01-14 15:06:23;Jonathan Thomas
4c09e4a0-73fa-4383-91fc-958fd8e234fe;Amanda Winters;7;True;2012-04-18 12:04:23;Carly Ruiz
32da5f98-3040-4618-b6ba-6b06f2e5a59f;Dr. Benjamin King Jr.;1;True;2000-08-07 18:02:23;Donald Gould
394e62af-5684-4543-aa38-beb269132735;Daniel Turner;2;True;2011-03-03 11:04:23;Tiffany Lucero
3e0d1343-8f4b-4d3b-863e-fc67a74cd6f6;Trevor Powell;8;True;2005-07-25 14:01:23;Lisa Carpenter
314112bf-fa16-4b4b-bfd0-ad4187e92009;Ashley Parks;2;False;2012-04-24 17:03:23;Johnny Vance
99d11415-d618-4f7a-90d6-4b74bbf9c6b0;Joseph Johnson;3;True;2013-07-24 18:04:23;Alan Nguyen
bd97b344-c0bf-4b4f-ae4a-b3c3e05f7089;Dale Knight;5;True;2022-09-12 15:06:23;Vincent Anderson
4ed94909-ba84-4546-91ba-1614945f388c;Stephanie Jones;2;True;2014-07-21 08:04:23;Brianna Mckee
fcda7f04-18e9-464f-a05d-19f23c6c1de3;Nicholas Young;4;False;2014-02-10 18:06:23;David Buchanan
d2b77a19-9a56-4e32-aedf-fb7cf333d0fe;Daniel Davila;7;True;2023-02-06 11:05:23;Tyler Ingram
1b16435b-24b1-4d0e-9f46-818c59e5ef0d;Michael Davis;7;False;2016-08-22 17:02:23;Mike Lopez
ff01843e-d8d0-4bdc-a84d-bd6b626e493b;Susan Martinez;4;False;2006-05-11 08:02:23;Emily Hansen
030a181e-cf27-40f1-b771-4a55a792c7f3;Sandra Lamb;4;False;2005-08-18 16:05:23;Jamie Ramirez
f427679c-6d12-4ea8-b68e-5a3c35d668ad;Destiny Vargas;1;True;2011-11-24 11:06:23;Pamela Owens
809b95d7-cbbf-4800-a9d2-6bf858cb80bc;Marissa Maldonado MD;5;True;2017-09-01 18:05:23;Douglas Thomas
e09333a2-155f-4313-85b0-76d057978db7;Thomas Vazquez;7;False;2013-03-24 10:01:23;Scott Harris
a0e91c17-a291-4b67-b6ef-8b69f9ae06ab;Angela Barnes;3;False;2004-05-20 13:01:23;Kathy Tapia
1d892499-e70a-424f-9570-c9187715cec4;Lynn Herrera;1;True;2003-11-11 15:06:23;Charles Jordan
0f113808-d351-4924-9b39-1edf59f71c71;Heidi Ponce;3;True;2019-04-01 16:04:23;Dawn Castro
0f035be4-2490-41b8-aa0b-ee6987cdf973;Patricia Johnson;6;False;2018-10-11 17:06:23;Angelica Silva
5ac2f795-6079-4392-8e06-cbd6fcf8d6eb;Ana Gregory;1;True;2017-09-09 18:05:23;Rachel Carrillo
702bf28c-7495-45d0-b83f-45854cf998f7;John Edwards;3;False;2003-04-19 17:03:23;Mia Parker
50ec4128-9a91-4a42-8ea7-41efc3a3a0f5;Tiffany Villegas;5;True;2004-04-15 10:04:23;Gabriella Mccoy
f903ccf0-beb6-4683-93f4-9c84a0eb3e1b;Morgan Kelly;8;False;2020-01-05 13:03:23;Jennifer Hunter
2f0c3c14-7e34-4af1-9e83-41e2866bc593;Donna Evans;5;False;2013-02-19 14:05:23;Juan Chavez
3992d5d5-da6c-479a-a132-26d07e1cac15;Austin Lopez;6;False;2015-10-07 15:01:23;Sonya Fields
7295408e-f72c-4cdf-900e-910906e75fe5;Richard Small;8;False;2015-03-24 13:06:23;Sarah Costa
97e79905-bfed-430d-84bf-f3a0dd87c53d;Christopher Rice;6;False;2000-03-14 09:06:23;Kimberly Duffy
13573872-a294-47a1-b498-27d241e69344;Rebekah Gutierrez;5;False;2006-05-25 18:01:23;Daniel Wall
30d34df0-bba4-41d9-bfca-96c584eaf558;Brittany Munoz;3;False;2018-10-27 14:01:23;Jeffrey Hernandez
e428a8cc-3838-41bb-88d1-b8d84ac765fc;Tina Perez;1;False;2023-09-16 11:02:23;Brett Robinson
58b79163-dc29-417c-b01c-377092315990;James Matthews;8;False;2012-11-19 15:06:23;Tammy Patel
068357aa-2be8-49b2-9adb-b66ccc5351ba;Jeremy Smith;2;True;2022-07-10 16:03:23;Zachary Barker
1b9485e1-72ba-41f2-aead-eded747b415e;Troy Martin;5;False;2019-06-11 10:03:23;Nathan Rodriguez
2fe1ca93-51b5-4670-8f1c-99ca46cd310b;Mary Haley;1;False;2000-03-04 18:01:23;Adam Burke
617fff83-9ab1-47b1-a6bd-887990318862;Paul Garcia;8;False;2013-09-09 11:06:23;Elizabeth Franco
bed0b590-3a83-41f1-a8b7-a208c2c3a651;Brandon Ryan;8;False;2002-08-26 13:03:23;Brandon Johnson
18d02a2f-9982-4555-8a7f-8dbf05b52963;Gloria Huffman;8;True;2013-12-21 15:02:23;Julie Shannon
fbdb49f1-bb3c-4cd8-afba-b20681f07b4a;James Guzman;7;False;2015-12-07 16:01:23;Stephanie Taylor
1201f6cd-ade8-4ae6-a4ca-e586a8e00f27;Rachael Chan;7;True;2019-03-05 16:03:23;Tiffany Aguilar
e5da63f0-7ad2-4f2d-a424-bb38dfa37e4f;Sharon Salas;5;False;2001-03-05 10:01:23;Shane Vaughn
b09e8418-5c97-431f-a976-e7f5e6a3730a;Adam Romero;7;True;2016-12-28 08:05:23;Kimberly Allen
8a16b05f-a37a-4340-894f-be16b335037b;Arthur Horne;2;True;2017-06-19 12:04:23;Rachael Matthews
017b202e-7eaa-4ad1-99dc-f43168391d2c;Joshua Mathis Jr.;8;False;2001-04-11 15:06:23;Tonya Sanchez
d44f343d-cdb9-4280-8cfd-a3b1ce301322;Jeremiah Wyatt;1;True;2016-05-23 18:05:23;Katherine Gilbert
0c873b39-699b-44b1-b39f-cd7b0f0e650b;Angel Klein;8;False;2012-06-26 14:06:23;Daniel Mcgee
ab776aa7-b760-4123-91d5-c84886cc1af0;Devin Proctor;3;True;2002-09-06 13:03:23;Rhonda Morris
0b586e70-4880-4168-85cc-803c96c32e43;Brent Santiago;1;True;2002-04-02 10:03:23;Hector Mcmahon
7aabee36-5826-405e-878f-e39867469446;Christy Travis;2;False;2016-01-22 16:05:23;Jeffery Gross
c21fa0f6-f2e0-427d-a467-45dbf85deb07;Jason Cruz;3;True;2007-10-12 12:06:23;William Gomez
f77c2b91-53b2-450c-812e-956767f706a2;Darren Myers;2;False;2003-05-16 12:06:23;George Nichols
ad0e01af-de24-46e1-877f-1c987a9e91fd;Shannon Raymond;6;False;2020-05-06 16:01:23;Elizabeth Mason
8420e61e-66a2-42f7-98e0-f68460bcf542;Catherine Bush;1;False;2007-02-04 09:01:23;Samuel Howard
782eb9e8-71dc-4498-baf8-5964b3396a30;Candace Johns;8;True;2017-10-07 18:01:23;Breanna Miller
88111ba7-bd30-4a2d-a5fc-13b99523a2de;Terry Garza;4;False;2017-09-03 13:06:23;Erik Fisher
2f344c44-6e08-4276-8b3e-cf8137032c83;Michelle Duncan;3;True;2002-09-25 11:01:23;Carl Calderon
34994dee-55a3-4bfe-9d26-dccec22c7cdd;Barbara Gay;8;False;2001-12-21 19:06:23;Christine Beck
436f15f0-511a-4529-b4a5-6bfea39aa088;Taylor Brown;2;True;2017-02-16 13:03:23;Henry Webb
1ee498f5-0a12-4680-afe6-f7f054dbb4e6;Scott Roberts;8;False;2021-12-09 09:05:23;Bill Hill
3618e448-c10b-49c1-8f83-4ef19f1f2ab0;Brittany Ward;7;False;2013-01-12 09:02:23;Mark Hernandez
956dd077-b56b-4412-b580-29ec4137996f;Daniel Jennings;5;False;2017-06-20 08:06:23;Stephanie Price
71e03d83-943e-4292-a215-bfd6760e0ffc;Jennifer Sanchez;1;True;2018-10-22 15:04:23;Brandy Stephenson
192312ec-4b9a-42ad-a2b5-661d77bdf752;Maria Hill;2;True;2005-11-20 16:05:23;Chris Harris
76833c0a-d54d-4899-94d5-2a3a2ca86e78;James Thomas;7;False;2001-09-02 14:06:23;Kelly Meyer
bd38b674-ab6b-45ca-9de4-e9e013917ff0;Shannon Martin;7;False;2014-05-06 08:05:23;Anna Johnston
e88360ae-aee2-4695-a511-3d22218431db;Thomas Reynolds;5;False;2010-03-20 17:02:23;Mathew Levine
1e5a4616-40c0-413d-bad3-9dd12eaf5b4a;Claire Reilly;5;False;2009-07-26 19:05:23;Christy Mitchell
1a7b8bfa-a6bd-4fca-a74f-67be3c775fd8;Kelly Ward;5;True;2017-09-08 15:03:23;Robert Robertson
d8d7387c-02e4-4792-8521-5b9986e15582;Randy Richards;3;False;2012-04-15 14:04:23;Michelle Schmidt
d6488391-7d7a-435c-98b9-a48cc640f82f;Denise Brown;1;True;2022-05-13 17:06:23;Christopher Townsend MD
772af9ea-afdc-4f04-af54-70088b29cea4;David Perez;4;False;2017-10-25 13:04:23;David Choi
8e0e3ee5-e81d-40b4-877f-2dcaf1c76f90;Donald White;2;False;2003-05-17 15:01:23;Elizabeth Hampton
c32b38c2-2f8a-4738-8d82-00aa5099eaf2;Alex Jackson;3;True;2004-03-18 09:04:23;Karen Jones
825b888a-0b8f-43f0-b9b2-dd67933382f5;Maria Henson;6;False;2018-12-12 10:03:23;Oscar Mitchell
e036d5b7-6ccf-46f7-8cce-e05764971a13;Anthony Rodriguez;2;True;2012-09-15 14:02:23;Patrick Martin
9341ac27-f2c1-4e7d-930a-98f3050a9357;Kyle Valenzuela;8;False;2015-11-23 14:05:23;Sara Mccoy
c8a1ef96-efe2-44c3-9f06-a7dcab38274a;Juan Walter;1;False;2022-09-21 08:05:23;Sarah Benitez
776ecfb9-cd4c-44bc-bcf9-87d0f6bde398;Kimberly Morgan;3;False;2001-11-28 14:02:23;Elizabeth Duncan
aaad7067-0a9e-4c9e-9ac6-7817284d7e6d;Juan Randolph;3;False;2014-06-07 11:05:23;John Thompson
09099503-b1b0-430a-bf8f-814678b9482b;Brian Gibbs;2;False;2008-04-02 14:05:23;Brian Hall
df306a28-c086-40ba-be8b-f4afe4fdbc65;Keith Gay;7;False;2003-07-07 13:01:23;Adam Torres
9f832643-115d-4a75-a921-ca36ad3a8da5;Cynthia Moore;6;False;2000-08-24 11:01:23;Michael Drake
b7cc50b7-cd05-418c-8c57-c447ce01c8cc;Tracey Arnold;2;False;2023-12-10 12:01:23;Shelly Perry
d0d3ff0b-e412-4687-a303-862f35007d5c;Michael Bryant;2;True;2009-02-01 10:05:23;Stephanie Sawyer
8b127bb5-0ef3-48a2-934a-ad4643b3ae1f;Kevin Jacobs;2;False;2021-12-24 14:03:23;Robert Smith
36a2a2a6-8c7d-441e-986f-c6271732a2c0;Tanya Cruz;6;True;2016-07-14 13:03:23;Jeffrey Flores
c3c6d5c9-a700-411f-a07d-ee509656b742;Shannon Cook;3;True;2000-05-06 18:03:23;Marissa Crane
9389294d-b6dd-4c96-9fec-cfd0b91623c9;Joe Hernandez;3;True;2019-08-16 11:06:23;Brittany Blair
6604e545-26c4-4f56-a3a3-3e6356b77476;Erica Montgomery;3;False;2004-11-26 18:03:23;Ryan Lin
c211a95b-c28e-4383-bad9-9a49e5870612;Christopher Lopez;7;False;2005-12-09 09:05:23;Kevin Franklin
526de703-6686-4372-b89b-bc2b4971ca67;Heidi Kline;4;True;2023-05-23 11:03:23;Amanda Rose
e2d9030f-76e0-4691-9517-874bc8ddb4c6;Adam Meadows;3;False;2018-12-17 10:03:23;Christopher Coffey
a448443d-beaf-4dd7-b67b-7f1837544a69;Theresa Young;2;True;2006-03-18 09:04:23;Linda White
98724ceb-6b61-4ae6-a453-5c04bcbfac29;Kathy Walker;8;True;2022-12-20 17:02:23;Caleb Anderson
541c9ac4-9dd1-4c7d-a998-f6030d14f1fb;Megan Barnett;7;False;2010-04-24 15:06:23;David Giles
9e162e7a-d731-463e-bfae-9672fffc957d;Betty Fields;5;False;2022-12-21 19:02:23;Erika Davis
0f65c890-bbbc-470c-9c5e-29b69ba09de9;Angela Orozco;2;True;2008-05-02 14:01:23;Colleen Hopkins
76ff94e6-aba5-44ee-96b3-1e3483ee17f6;Joshua Wilkins;2;True;2015-05-10 16:05:23;Amber Rice
d90d224a-9d8a-4c4f-b01d-8a76bc8c8b19;Maurice Baird;4;True;2002-02-27 18:02:23;Andrew Pena
f4e97b6a-ab4c-44e0-ba07-1f4a73044746;Mark Greer;2;True;2016-10-11 16:05:23;Marisa Johnson
1f27d0d4-3520-4690-b510-8328263363a1;Stephen Yates;7;True;2016-05-14 15:03:23;Debra Hunt
35178a66-1940-4a1e-b1f3-c1d627cad24c;Andrew Robertson;7;False;2002-06-06 13:04:23;Jamie Moran
fde74f2e-8cc7-4a72-b4c4-c8c352194e22;James Kane;6;False;2021-04-21 09:04:23;Diane Brown
21fa05ca-c864-4096-984a-3f155bf2d009;Leonard Grimes;4;False;2000-09-28 14:01:23;Rachel Marshall
2b5c9a0e-45f9-43e6-9dab-cb4e2ce2ce0a;Justin Eaton;2;False;2018-08-17 12:06:23;Karen Ibarra
f1d7128e-269d-4747-8a6a-99c2f762e699;Crystal King;5;True;2013-11-25 19:01:23;Dean Jordan
0a2cea86-fb67-4488-826f-424f17235d0f;Jennifer Taylor;3;True;2003-08-25 14:03:23;Gina Watson
267322a3-5e6f-4311-bb08-886c8eae49a5;Kelly Hodges;7;False;2013-10-24 13:06:23;Christian Barrera
d4ae6585-4c68-498d-9274-94c48b57a8b5;Benjamin Anderson;3;False;2018-02-17 11:03:23;Cory Romero
e2d02d6f-0427-4526-a86a-33749843c709;Chloe Ryan;3;False;2006-04-15 18:05:23;Catherine Payne
4556a762-9f52-4931-9fc9-ce90e8d641e7;Jesse Atkins;8;True;2023-03-07 13:03:23;Christina Roy
5a9df61c-cb8e-4066-8fab-71a36544c32e;Jennifer Sanchez;4;True;2011-05-11 11:04:23;George Johnson
06dfea0d-ef4d-4807-95a3-90fea1a58f65;Vanessa Gutierrez;4;False;2020-09-26 10:01:23;Greg Williams
7628e207-155b-486c-a1c3-515e7a25b805;Katherine Baxter;7;True;2011-10-01 19:01:23;Victor Mitchell
346fa1f2-0750-4ca3-b1fd-42c48f952f1e;Wendy Jackson;8;True;2002-08-09 16:03:23;Robert Hall
43a38e32-a627-4f7c-bf9a-7c916a374f50;Suzanne Cline;6;True;2018-12-22 16:06:23;Autumn Castaneda
c2d020d0-4f3c-4035-95cb-489c49ef5449;Lawrence Flores;8;False;2004-02-21 19:05:23;Chelsea Hudson
89baab32-00ea-4eaf-b5db-1d5d0fc19980;Sherri Lee;4;True;2003-05-07 08:04:23;Marcia Harrington
6dda8274-865f-4c49-be13-f1ec9e763903;Erika Jackson;1;True;2011-01-23 15:01:23;Megan Murray
d9c6663a-ab6d-41a6-bd7b-361fc2210633;Michele Norton;2;False;2017-04-02 18:06:23;Rebecca Marshall
941be362-71ce-4aef-a60f-954cf51b36f9;Katelyn Hernandez;2;False;2019-01-08 09:01:23;Dr. Matthew Morton
42fa6993-4366-43f0-b8df-a742e18f1699;Jason Gonzalez;8;True;2022-05-25 19:05:23;Robert Nichols
ca844942-4414-4460-8348-0837384779bc;Natalie Oliver;2;True;2021-04-20 10:05:23;Beverly Sandoval
dc87e02e-2bfa-4c75-b2c3-fec3cf72769f;Tracy Massey;1;False;2008-09-10 14:04:23;Kathleen Gibson
2eb18441-432c-483f-8a72-b42d98a4fa15;Tracy Ross;5;False;2019-07-11 16:03:23;Daniel Hardin
f9fec5d0-c6b4-46ed-93e1-63b56d47776f;Karen Singleton;7;True;2001-08-16 17:01:23;Robert Travis
f9fc40c1-0ae0-4591-9d1a-549faaf727a0;Chelsea Lee;5;False;2009-08-04 18:05:23;Billy Moore
91ffbcdb-116b-43ca-a3d1-ec9c44ebf675;Edward Brooks;4;False;2017-07-07 09:04:23;Ronald Aguilar
a9d50194-c552-4078-868c-195768f1a5a2;Lauren Gordon;8;True;2015-04-25 13:05:23;Julie Harris
aaf27406-0861-44be-92c9-d8c74eac5db6;Christopher Martinez;8;False;2008-11-25 17:03:23;Joseph Burnett
28db5d03-cdf7-49ef-b4f9-dff5f0b60e12;Christopher Brown;2;False;2023-11-15 13:06:23;Randy Mitchell
53f1c0bb-e9a6-4aae-a1b3-d755800df53d;Laura Robinson;5;True;2002-11-19 08:02:23;Kayla Smith
0abee0b7-53dd-41b9-9b44-f98f5ba72d36;Tina Houston;3;True;2004-09-11 18:02:23;Kelsey Hobbs
758c09a9-7717-403e-8ada-6662b26328e6;Todd Morris;4;True;2011-08-09 17:01:23;Todd Jordan
fb55d12a-b9ff-4b5f-a95d-1560a730573d;Alyssa Williams;5;False;2020-06-18 15:06:23;Edgar Collins
6b9dac2c-910c-4b84-81b5-c887d7102b50;Daniel Wilson;1;False;2017-10-20 18:03:23;Kayla Patel
4cf73d6c-45af-456e-a941-deb64eed7fd3;Jennifer Wilson;2;True;2020-04-17 14:04:23;Alison Russo
518f75ee-dc09-43d1-ac0d-762a92fc73f7;Sherry Sheppard;8;True;2010-02-09 16:05:23;Elizabeth Cox
8ef5158d-d7ff-44b9-970e-7101c3b902e3;Maurice Dickson;5;False;2013-06-21 17:01:23;Selena Pearson
89dafce4-fbac-4b80-b2ce-f759a4f1e634;Lonnie Shelton;3;True;2006-01-02 13:02:23;Richard Clark
970e3ba2-9722-44bd-860e-9a3d8a4dc327;Ryan Young;3;True;2005-05-16 13:01:23;Christopher Lopez
c36e7450-01e6-4632-a1b4-cf9656b5976c;Ian Thompson;5;True;2022-02-12 14:03:23;Bryce Hall
84f7fd96-79de-4587-b5cd-1579014deb53;Justin Hunter;3;False;2008-03-10 12:06:23;Caroline Ortega
33ab0ec6-94ef-4c49-ba9e-e5b9e603eef5;Colin Li;4;True;2008-07-14 14:04:23;Sharon Levine
f2e08cc5-094f-41b2-892f-cadc5db6f2ac;Linda Hudson;8;True;2010-07-28 15:05:23;Tammy Bates
af58aad0-ae63-4507-ba8d-d293692fbd0e;Shannon Harris;8;True;2008-10-03 19:05:23;Deborah Munoz
40674542-1de6-4884-aace-b7966e03b46f;Jennifer Humphrey;8;True;2021-09-09 09:05:23;Ryan Santos
60cf3ad3-ae21-473d-b9fc-43c02d21b68a;Christina Wells;1;False;2012-06-01 10:06:23;Deborah Arnold
f77a0391-555d-424d-8c1a-66bfa3fa5a29;Crystal Moon;5;False;2023-05-07 11:05:23;James Jarvis
ba449c2e-5779-43a2-aa3d-abba441eb12b;Heather Nguyen;6;False;2005-11-02 08:02:23;Matthew Hardin
aa96f0c6-6dbd-4ee7-a5e1-e028d825c86c;Jimmy Simmons;2;False;2007-01-16 18:03:23;Timothy Allen
