"DESCRIPTION","DURATION IN MS","NAME","PARENT SUITE","START TIME","STATUS","STOP TIME","SUB SUITE","SUITE","TEST CLASS","TEST METHOD"
"","0","TestIProtestRepository/TestProtestRepositoryGetProtestsDataByRaceID_Failure","","Wed Oct 23 22:56:05 UTC 2024","passed","Wed Oct 23 22:56:05 UTC 2024","","PPO_BMSTU/tests/unit_tests/test_repository","PPO_BMSTU/tests/unit_tests/test_repository",""
"","0","TestJudgeRepository/TestJudgeRepositoryGetByID_Success","","Wed Oct 23 22:56:05 UTC 2024","passed","Wed Oct 23 22:56:05 UTC 2024","","PPO_BMSTU/tests/unit_tests/test_repository","PPO_BMSTU/tests/unit_tests/test_repository",""
"","0","TestJudgeService_Delete","","Wed Oct 23 22:56:11 UTC 2024","passed","Wed Oct 23 22:56:11 UTC 2024","","PPO_BMSTU/tests/unit_tests/test_service","PPO_BMSTU/tests/unit_tests/test_service",""
"","0","TestCrewResInRaceRepository/TestCrewResInRaceRepositoryDelete_Success","","Wed Oct 23 22:56:05 UTC 2024","passed","Wed Oct 23 22:56:05 UTC 2024","","PPO_BMSTU/tests/unit_tests/test_repository","PPO_BMSTU/tests/unit_tests/test_repository",""
"","0","TestProtestServiceCreate/invalid_ruleNum","","Wed Oct 23 22:56:11 UTC 2024","passed","Wed Oct 23 22:56:11 UTC 2024","","PPO_BMSTU/tests/unit_tests/test_service","PPO_BMSTU/tests/unit_tests/test_service",""
"","0","TestRatingServiceUpdateRatingByID","","Wed Oct 23 22:56:11 UTC 2024","passed","Wed Oct 23 22:56:11 UTC 2024","","PPO_BMSTU/tests/unit_tests/test_service","PPO_BMSTU/tests/unit_tests/test_service",""
"","0","TestIProtestRepository","","Wed Oct 23 22:56:05 UTC 2024","passed","Wed Oct 23 22:56:05 UTC 2024","","PPO_BMSTU/tests/unit_tests/test_repository","PPO_BMSTU/tests/unit_tests/test_repository",""
"","0","TestIProtestRepository/TestProtestRepositoryCreate_Failure","","Wed Oct 23 22:56:05 UTC 2024","passed","Wed Oct 23 22:56:05 UTC 2024","","PPO_BMSTU/tests/unit_tests/test_repository","PPO_BMSTU/tests/unit_tests/test_repository",""
"","0","TestProtestServiceCreate/GetCrewDataBySailNumAndRatingID_method_failed","","Wed Oct 23 22:56:11 UTC 2024","passed","Wed Oct 23 22:56:11 UTC 2024","","PPO_BMSTU/tests/unit_tests/test_service","PPO_BMSTU/tests/unit_tests/test_service",""
"","0","TestRatingServiceDetachJudgeFromRating/detach_judgeView_from_rating_error","","Wed Oct 23 22:56:11 UTC 2024","passed","Wed Oct 23 22:56:11 UTC 2024","","PPO_BMSTU/tests/unit_tests/test_service","PPO_BMSTU/tests/unit_tests/test_service",""
"","0","TestICrewRepository/TestCrewRepositoryGetCrewsDataByProtestID_Failure","","Wed Oct 23 22:56:05 UTC 2024","passed","Wed Oct 23 22:56:05 UTC 2024","","PPO_BMSTU/tests/unit_tests/test_repository","PPO_BMSTU/tests/unit_tests/test_repository",""
"","0","TestParticipantServiceCreate","","Wed Oct 23 22:56:11 UTC 2024","passed","Wed Oct 23 22:56:11 UTC 2024","","PPO_BMSTU/tests/unit_tests/test_service","PPO_BMSTU/tests/unit_tests/test_service",""
"","0","TestRatingServiceAttachJudgeToRating","","Wed Oct 23 22:56:11 UTC 2024","passed","Wed Oct 23 22:56:11 UTC 2024","","PPO_BMSTU/tests/unit_tests/test_service","PPO_BMSTU/tests/unit_tests/test_service",""
"","0","TestCrewServiceDetachParticipantFromCrew/Success","","Wed Oct 23 22:56:11 UTC 2024","passed","Wed Oct 23 22:56:11 UTC 2024","","PPO_BMSTU/tests/unit_tests/test_service","PPO_BMSTU/tests/unit_tests/test_service",""
"","0","TestIParticipantRepository/TestParticipantRepositoryGetAll_Success","","Wed Oct 23 22:56:05 UTC 2024","passed","Wed Oct 23 22:56:05 UTC 2024","","PPO_BMSTU/tests/unit_tests/test_repository","PPO_BMSTU/tests/unit_tests/test_repository",""
"","0","TestRaceServiceMakeFinishProcedure/GetCrewDataBySailNumAndRatingID_error","","Wed Oct 23 22:56:11 UTC 2024","passed","Wed Oct 23 22:56:11 UTC 2024","","PPO_BMSTU/tests/unit_tests/test_service","PPO_BMSTU/tests/unit_tests/test_service",""
"","0","TestJudgeRepository/TestJudgeRepositoryGetJudgesDataByRatingID_Failure","","Wed Oct 23 22:56:05 UTC 2024","passed","Wed Oct 23 22:56:05 UTC 2024","","PPO_BMSTU/tests/unit_tests/test_repository","PPO_BMSTU/tests/unit_tests/test_repository",""
"","0","TestCrewServiceDeleteCrew/delete_crew_success_test","","Wed Oct 23 22:56:11 UTC 2024","passed","Wed Oct 23 22:56:11 UTC 2024","","PPO_BMSTU/tests/unit_tests/test_service","PPO_BMSTU/tests/unit_tests/test_service",""
"","0","TestJudgeRepository/TestJudgeRepositoryDelete_Failure","","Wed Oct 23 22:56:05 UTC 2024","passed","Wed Oct 23 22:56:05 UTC 2024","","PPO_BMSTU/tests/unit_tests/test_repository","PPO_BMSTU/tests/unit_tests/test_repository",""
"","0","TestICrewRepository/TestCrewRepositoryGetCrewDataBySailNumAndRatingID_Success","","Wed Oct 23 22:56:05 UTC 2024","passed","Wed Oct 23 22:56:05 UTC 2024","","PPO_BMSTU/tests/unit_tests/test_repository","PPO_BMSTU/tests/unit_tests/test_repository",""
"","0","TestRaceService_UpdateRace","","Wed Oct 23 22:56:11 UTC 2024","passed","Wed Oct 23 22:56:11 UTC 2024","","PPO_BMSTU/tests/unit_tests/test_service","PPO_BMSTU/tests/unit_tests/test_service",""
"","0","TestICrewRepository/TestCrewRepositoryAttachParticipantToCrew_Failure","","Wed Oct 23 22:56:05 UTC 2024","passed","Wed Oct 23 22:56:05 UTC 2024","","PPO_BMSTU/tests/unit_tests/test_repository","PPO_BMSTU/tests/unit_tests/test_repository",""
"","0","TestCrewServiceAttachParticipantToCrew","","Wed Oct 23 22:56:11 UTC 2024","passed","Wed Oct 23 22:56:11 UTC 2024","","PPO_BMSTU/tests/unit_tests/test_service","PPO_BMSTU/tests/unit_tests/test_service",""
"","0","TestIParticipantRepository","","Wed Oct 23 22:56:05 UTC 2024","passed","Wed Oct 23 22:56:05 UTC 2024","","PPO_BMSTU/tests/unit_tests/test_repository","PPO_BMSTU/tests/unit_tests/test_repository",""
"","0","TestProtestServiceGetProtestDataByID","","Wed Oct 23 22:56:11 UTC 2024","passed","Wed Oct 23 22:56:11 UTC 2024","","PPO_BMSTU/tests/unit_tests/test_service","PPO_BMSTU/tests/unit_tests/test_service",""
"","0","TestRatingServiceDeleteRating","","Wed Oct 23 22:56:11 UTC 2024","passed","Wed Oct 23 22:56:11 UTC 2024","","PPO_BMSTU/tests/unit_tests/test_service","PPO_BMSTU/tests/unit_tests/test_service",""
"","0","TestICrewRepository/TestCrewRepositoryDetachParticipantFromCrew_Failure","","Wed Oct 23 22:56:05 UTC 2024","passed","Wed Oct 23 22:56:05 UTC 2024","","PPO_BMSTU/tests/unit_tests/test_repository","PPO_BMSTU/tests/unit_tests/test_repository",""
"","0","TestCrewServiceReplaceParticipantStatusInCrew/replace_participant_status_in_crew_error","","Wed Oct 23 22:56:11 UTC 2024","passed","Wed Oct 23 22:56:11 UTC 2024","","PPO_BMSTU/tests/unit_tests/test_service","PPO_BMSTU/tests/unit_tests/test_service",""
"","0","TestRatingRepositoryTestSuite/TestDetachJudgeFromRating_Failure","","Wed Oct 23 22:56:05 UTC 2024","passed","Wed Oct 23 22:56:05 UTC 2024","","PPO_BMSTU/tests/unit_tests/test_repository","PPO_BMSTU/tests/unit_tests/test_repository",""
"","0","TestRaceService_CreateRace/create_race_success_test","","Wed Oct 23 22:56:11 UTC 2024","passed","Wed Oct 23 22:56:11 UTC 2024","","PPO_BMSTU/tests/unit_tests/test_service","PPO_BMSTU/tests/unit_tests/test_service",""
"","0","TestJudgeServiceCreate/invalid_role","","Wed Oct 23 22:56:11 UTC 2024","passed","Wed Oct 23 22:56:11 UTC 2024","","PPO_BMSTU/tests/unit_tests/test_service","PPO_BMSTU/tests/unit_tests/test_service",""
"","0","TestCrewResInRaceRepository/TestCrewResInRaceRepositoryCreate_Failure","","Wed Oct 23 22:56:05 UTC 2024","passed","Wed Oct 23 22:56:05 UTC 2024","","PPO_BMSTU/tests/unit_tests/test_repository","PPO_BMSTU/tests/unit_tests/test_repository",""
"","0","TestJudgeServiceLogin","","Wed Oct 23 22:56:11 UTC 2024","passed","Wed Oct 23 22:56:11 UTC 2024","","PPO_BMSTU/tests/unit_tests/test_service","PPO_BMSTU/tests/unit_tests/test_service",""
"","0","TestJudgeRepository/TestJudgeRepositoryGetJudgesDataByRatingID_Success","","Wed Oct 23 22:56:05 UTC 2024","passed","Wed Oct 23 22:56:05 UTC 2024","","PPO_BMSTU/tests/unit_tests/test_repository","PPO_BMSTU/tests/unit_tests/test_repository",""
"","0","TestCrewResInRaceRepository/TestCrewResInRaceRepositoryCreate_Success","","Wed Oct 23 22:56:05 UTC 2024","passed","Wed Oct 23 22:56:05 UTC 2024","","PPO_BMSTU/tests/unit_tests/test_repository","PPO_BMSTU/tests/unit_tests/test_repository",""
"","0","TestJudgeService_GetJudgeByID/judgeView_not_found","","Wed Oct 23 22:56:11 UTC 2024","passed","Wed Oct 23 22:56:11 UTC 2024","","PPO_BMSTU/tests/unit_tests/test_service","PPO_BMSTU/tests/unit_tests/test_service",""
"","0","TestCrewResInRaceRepository/TestCrewResInRaceRepositoryGetCrewResByRaceIDAndCrewID_Failure","","Wed Oct 23 22:56:05 UTC 2024","passed","Wed Oct 23 22:56:05 UTC 2024","","PPO_BMSTU/tests/unit_tests/test_repository","PPO_BMSTU/tests/unit_tests/test_repository",""
"","0","TestRatingServiceGetRatingDataByID/rating_not_found","","Wed Oct 23 22:56:11 UTC 2024","passed","Wed Oct 23 22:56:11 UTC 2024","","PPO_BMSTU/tests/unit_tests/test_service","PPO_BMSTU/tests/unit_tests/test_service",""
"","0","TestRaceServiceMakeStartProcedure/GetCrewDataBySailNumAndRatingID_error","","Wed Oct 23 22:56:11 UTC 2024","passed","Wed Oct 23 22:56:11 UTC 2024","","PPO_BMSTU/tests/unit_tests/test_service","PPO_BMSTU/tests/unit_tests/test_service",""
"","0","TestCrewResInRaceRepository/TestCrewResInRaceRepositoryDelete_Failure","","Wed Oct 23 22:56:05 UTC 2024","passed","Wed Oct 23 22:56:05 UTC 2024","","PPO_BMSTU/tests/unit_tests/test_repository","PPO_BMSTU/tests/unit_tests/test_repository",""
"","0","TestIParticipantRepository/TestParticipantRepositoryGetAll_Failure","","Wed Oct 23 22:56:05 UTC 2024","passed","Wed Oct 23 22:56:05 UTC 2024","","PPO_BMSTU/tests/unit_tests/test_repository","PPO_BMSTU/tests/unit_tests/test_repository",""
"","0","TestIProtestRepository/TestProtestRepositoryGetByID_Success","","Wed Oct 23 22:56:05 UTC 2024","passed","Wed Oct 23 22:56:05 UTC 2024","","PPO_BMSTU/tests/unit_tests/test_repository","PPO_BMSTU/tests/unit_tests/test_repository",""
"","0","TestProtestServiceGetProtestsDataByRaceID/get_protests_by_race_id_error","","Wed Oct 23 22:56:11 UTC 2024","passed","Wed Oct 23 22:56:11 UTC 2024","","PPO_BMSTU/tests/unit_tests/test_service","PPO_BMSTU/tests/unit_tests/test_service",""
"","0","TestJudgeServiceLogin/invalid_password","","Wed Oct 23 22:56:11 UTC 2024","passed","Wed Oct 23 22:56:11 UTC 2024","","PPO_BMSTU/tests/unit_tests/test_service","PPO_BMSTU/tests/unit_tests/test_service",""
"","0","TestRaceRepositoryTestSuite/TestDelete_Success","","Wed Oct 23 22:56:05 UTC 2024","passed","Wed Oct 23 22:56:05 UTC 2024","","PPO_BMSTU/tests/unit_tests/test_repository","PPO_BMSTU/tests/unit_tests/test_repository",""
"","0","TestRatingRepositoryTestSuite/TestDetachJudgeFromRating_Success","","Wed Oct 23 22:56:05 UTC 2024","passed","Wed Oct 23 22:56:05 UTC 2024","","PPO_BMSTU/tests/unit_tests/test_repository","PPO_BMSTU/tests/unit_tests/test_repository",""
"","0","TestParticipantServiceUpdate/invalid_coach","","Wed Oct 23 22:56:11 UTC 2024","passed","Wed Oct 23 22:56:11 UTC 2024","","PPO_BMSTU/tests/unit_tests/test_service","PPO_BMSTU/tests/unit_tests/test_service",""
"","0","TestRatingServiceGetRatingDataByID/get_rating_by_id_success_test","","Wed Oct 23 22:56:11 UTC 2024","passed","Wed Oct 23 22:56:11 UTC 2024","","PPO_BMSTU/tests/unit_tests/test_service","PPO_BMSTU/tests/unit_tests/test_service",""
"","0","TestJudgeServiceGetJudgeDataByProtestID/judgeView_not_found","","Wed Oct 23 22:56:11 UTC 2024","passed","Wed Oct 23 22:56:11 UTC 2024","","PPO_BMSTU/tests/unit_tests/test_service","PPO_BMSTU/tests/unit_tests/test_service",""
"","0","TestRatingServiceUpdateRatingByID/invalid_class","","Wed Oct 23 22:56:11 UTC 2024","passed","Wed Oct 23 22:56:11 UTC 2024","","PPO_BMSTU/tests/unit_tests/test_service","PPO_BMSTU/tests/unit_tests/test_service",""
"","0","TestRaceServiceGetRaceDataByID","","Wed Oct 23 22:56:11 UTC 2024","passed","Wed Oct 23 22:56:11 UTC 2024","","PPO_BMSTU/tests/unit_tests/test_service","PPO_BMSTU/tests/unit_tests/test_service",""
"","0","TestParticipantServiceUpdate/invalid_category","","Wed Oct 23 22:56:11 UTC 2024","passed","Wed Oct 23 22:56:11 UTC 2024","","PPO_BMSTU/tests/unit_tests/test_service","PPO_BMSTU/tests/unit_tests/test_service",""
"","0","TestJudgeServiceGetJudgeDataByProtestID","","Wed Oct 23 22:56:11 UTC 2024","passed","Wed Oct 23 22:56:11 UTC 2024","","PPO_BMSTU/tests/unit_tests/test_service","PPO_BMSTU/tests/unit_tests/test_service",""
"","0","TestProtestServiceCompleteReview/protest_not_found_error","","Wed Oct 23 22:56:11 UTC 2024","passed","Wed Oct 23 22:56:11 UTC 2024","","PPO_BMSTU/tests/unit_tests/test_service","PPO_BMSTU/tests/unit_tests/test_service",""
"","0","TestCrewServiceGetCrewDataByID/get_crew_by_id_error","","Wed Oct 23 22:56:11 UTC 2024","passed","Wed Oct 23 22:56:11 UTC 2024","","PPO_BMSTU/tests/unit_tests/test_service","PPO_BMSTU/tests/unit_tests/test_service",""
"","0","TestRaceService_CreateRace","","Wed Oct 23 22:56:11 UTC 2024","passed","Wed Oct 23 22:56:11 UTC 2024","","PPO_BMSTU/tests/unit_tests/test_service","PPO_BMSTU/tests/unit_tests/test_service",""
"","0","TestCrewServiceUpdateCrewByID/invalid_input","","Wed Oct 23 22:56:11 UTC 2024","passed","Wed Oct 23 22:56:11 UTC 2024","","PPO_BMSTU/tests/unit_tests/test_service","PPO_BMSTU/tests/unit_tests/test_service",""
"","0","TestRatingServiceUpdateRatingByID/rating_not_found","","Wed Oct 23 22:56:11 UTC 2024","passed","Wed Oct 23 22:56:11 UTC 2024","","PPO_BMSTU/tests/unit_tests/test_service","PPO_BMSTU/tests/unit_tests/test_service",""
"","0","TestIProtestRepository/TestProtestRepositoryDelete_Success","","Wed Oct 23 22:56:05 UTC 2024","passed","Wed Oct 23 22:56:05 UTC 2024","","PPO_BMSTU/tests/unit_tests/test_repository","PPO_BMSTU/tests/unit_tests/test_repository",""
"","0","TestProtestServiceGetProtestsDataByRaceID","","Wed Oct 23 22:56:11 UTC 2024","passed","Wed Oct 23 22:56:11 UTC 2024","","PPO_BMSTU/tests/unit_tests/test_service","PPO_BMSTU/tests/unit_tests/test_service",""
"","0","TestCrewResInRaceRepository/TestCrewResInRaceRepositoryUpdate_Failure","","Wed Oct 23 22:56:05 UTC 2024","passed","Wed Oct 23 22:56:05 UTC 2024","","PPO_BMSTU/tests/unit_tests/test_repository","PPO_BMSTU/tests/unit_tests/test_repository",""
"","0","TestIParticipantRepository/TestParticipantRepositoryDelete_Failure","","Wed Oct 23 22:56:05 UTC 2024","passed","Wed Oct 23 22:56:05 UTC 2024","","PPO_BMSTU/tests/unit_tests/test_repository","PPO_BMSTU/tests/unit_tests/test_repository",""
"","0","TestICrewRepository/TestCrewRepositoryGetCrewDataByID_Failure","","Wed Oct 23 22:56:05 UTC 2024","passed","Wed Oct 23 22:56:05 UTC 2024","","PPO_BMSTU/tests/unit_tests/test_repository","PPO_BMSTU/tests/unit_tests/test_repository",""
"","0","TestCrewServiceDeleteCrew/delete_crew_error","","Wed Oct 23 22:56:11 UTC 2024","passed","Wed Oct 23 22:56:11 UTC 2024","","PPO_BMSTU/tests/unit_tests/test_service","PPO_BMSTU/tests/unit_tests/test_service",""
"","0","TestRatingServiceAttachJudgeToRating/attach_judgeView_to_rating_error","","Wed Oct 23 22:56:11 UTC 2024","passed","Wed Oct 23 22:56:11 UTC 2024","","PPO_BMSTU/tests/unit_tests/test_service","PPO_BMSTU/tests/unit_tests/test_service",""
"","0","TestIProtestRepository/TestProtestRepositoryDetachCrewFromProtest_Failure","","Wed Oct 23 22:56:05 UTC 2024","passed","Wed Oct 23 22:56:05 UTC 2024","","PPO_BMSTU/tests/unit_tests/test_repository","PPO_BMSTU/tests/unit_tests/test_repository",""
"","0","TestIParticipantRepository/TestParticipantRepositoryGetByCrewID_Failure","","Wed Oct 23 22:56:05 UTC 2024","passed","Wed Oct 23 22:56:05 UTC 2024","","PPO_BMSTU/tests/unit_tests/test_repository","PPO_BMSTU/tests/unit_tests/test_repository",""
"","0","TestIParticipantRepository/TestParticipantRepositoryGetByID_Success","","Wed Oct 23 22:56:05 UTC 2024","passed","Wed Oct 23 22:56:05 UTC 2024","","PPO_BMSTU/tests/unit_tests/test_repository","PPO_BMSTU/tests/unit_tests/test_repository",""
"","0","TestICrewRepository/TestCrewRepositoryDelete_Failure","","Wed Oct 23 22:56:05 UTC 2024","passed","Wed Oct 23 22:56:05 UTC 2024","","PPO_BMSTU/tests/unit_tests/test_repository","PPO_BMSTU/tests/unit_tests/test_repository",""
"","0","TestJudgeServiceLogin/judgeView_not_found","","Wed Oct 23 22:56:11 UTC 2024","passed","Wed Oct 23 22:56:11 UTC 2024","","PPO_BMSTU/tests/unit_tests/test_service","PPO_BMSTU/tests/unit_tests/test_service",""
"","0","TestProtestServiceDeleteProtest/protest_not_found","","Wed Oct 23 22:56:11 UTC 2024","passed","Wed Oct 23 22:56:11 UTC 2024","","PPO_BMSTU/tests/unit_tests/test_service","PPO_BMSTU/tests/unit_tests/test_service",""
"","0","TestProtestServiceUpdate/invalid_ruleNum","","Wed Oct 23 22:56:11 UTC 2024","passed","Wed Oct 23 22:56:11 UTC 2024","","PPO_BMSTU/tests/unit_tests/test_service","PPO_BMSTU/tests/unit_tests/test_service",""
"","0","TestRatingServiceUpdateRatingByID/invalid_class_blow_count","","Wed Oct 23 22:56:11 UTC 2024","passed","Wed Oct 23 22:56:11 UTC 2024","","PPO_BMSTU/tests/unit_tests/test_service","PPO_BMSTU/tests/unit_tests/test_service",""
"","0","TestRatingRepositoryTestSuite","","Wed Oct 23 22:56:05 UTC 2024","passed","Wed Oct 23 22:56:05 UTC 2024","","PPO_BMSTU/tests/unit_tests/test_repository","PPO_BMSTU/tests/unit_tests/test_repository",""
"","0","TestRaceServiceMakeStartProcedure/Success","","Wed Oct 23 22:56:11 UTC 2024","passed","Wed Oct 23 22:56:11 UTC 2024","","PPO_BMSTU/tests/unit_tests/test_service","PPO_BMSTU/tests/unit_tests/test_service",""
"","0","TestICrewRepository/TestCrewRepositoryGetCrewsDataByRatingID_Success","","Wed Oct 23 22:56:05 UTC 2024","passed","Wed Oct 23 22:56:05 UTC 2024","","PPO_BMSTU/tests/unit_tests/test_repository","PPO_BMSTU/tests/unit_tests/test_repository",""
"","0","TestJudgeServiceLogin/Success","","Wed Oct 23 22:56:11 UTC 2024","passed","Wed Oct 23 22:56:11 UTC 2024","","PPO_BMSTU/tests/unit_tests/test_service","PPO_BMSTU/tests/unit_tests/test_service",""
"","0","TestICrewRepository/TestCrewRepositoryDetachParticipantFromCrew_Success","","Wed Oct 23 22:56:05 UTC 2024","passed","Wed Oct 23 22:56:05 UTC 2024","","PPO_BMSTU/tests/unit_tests/test_repository","PPO_BMSTU/tests/unit_tests/test_repository",""
"","0","TestJudgeRepository","","Wed Oct 23 22:56:05 UTC 2024","passed","Wed Oct 23 22:56:05 UTC 2024","","PPO_BMSTU/tests/unit_tests/test_repository","PPO_BMSTU/tests/unit_tests/test_repository",""
"","0","TestProtestServiceCreate/Get_witnesse_Crew_Data_By_SailNum_And_RatingID_failed","","Wed Oct 23 22:56:11 UTC 2024","passed","Wed Oct 23 22:56:11 UTC 2024","","PPO_BMSTU/tests/unit_tests/test_service","PPO_BMSTU/tests/unit_tests/test_service",""
"","0","TestProtestServiceAttachCrewToProtest","","Wed Oct 23 22:56:11 UTC 2024","passed","Wed Oct 23 22:56:11 UTC 2024","","PPO_BMSTU/tests/unit_tests/test_service","PPO_BMSTU/tests/unit_tests/test_service",""
"","0","TestJudgeServiceCreate/invalid_fio","","Wed Oct 23 22:56:11 UTC 2024","passed","Wed Oct 23 22:56:11 UTC 2024","","PPO_BMSTU/tests/unit_tests/test_service","PPO_BMSTU/tests/unit_tests/test_service",""
"","0","TestIProtestRepository/TestProtestRepositoryAttachCrewToProtest_Failure","","Wed Oct 23 22:56:05 UTC 2024","passed","Wed Oct 23 22:56:05 UTC 2024","","PPO_BMSTU/tests/unit_tests/test_repository","PPO_BMSTU/tests/unit_tests/test_repository",""
"","0","TestParticipantServiceGetByID/participant_not_found","","Wed Oct 23 22:56:11 UTC 2024","passed","Wed Oct 23 22:56:11 UTC 2024","","PPO_BMSTU/tests/unit_tests/test_service","PPO_BMSTU/tests/unit_tests/test_service",""
"","0","TestCrewServiceDetachParticipantFromCrew/detach_participant_from_crew_error","","Wed Oct 23 22:56:11 UTC 2024","passed","Wed Oct 23 22:56:11 UTC 2024","","PPO_BMSTU/tests/unit_tests/test_service","PPO_BMSTU/tests/unit_tests/test_service",""
"","0","TestRaceServiceMakeFinishProcedure/Update_error","","Wed Oct 23 22:56:11 UTC 2024","passed","Wed Oct 23 22:56:11 UTC 2024","","PPO_BMSTU/tests/unit_tests/test_service","PPO_BMSTU/tests/unit_tests/test_service",""
"","0","TestProtestServiceGetProtestDataByID/get_protest_by_id_success_test","","Wed Oct 23 22:56:11 UTC 2024","passed","Wed Oct 23 22:56:11 UTC 2024","","PPO_BMSTU/tests/unit_tests/test_service","PPO_BMSTU/tests/unit_tests/test_service",""
"","0","TestProtestServiceDetachCrewFromProtest/crew_not_found_error","","Wed Oct 23 22:56:11 UTC 2024","passed","Wed Oct 23 22:56:11 UTC 2024","","PPO_BMSTU/tests/unit_tests/test_service","PPO_BMSTU/tests/unit_tests/test_service",""
"","0","TestICrewRepository/TestCrewRepositoryCreate_Failure","","Wed Oct 23 22:56:05 UTC 2024","passed","Wed Oct 23 22:56:05 UTC 2024","","PPO_BMSTU/tests/unit_tests/test_repository","PPO_BMSTU/tests/unit_tests/test_repository",""
"","0","TestICrewRepository/TestCrewRepositoryDelete_Success","","Wed Oct 23 22:56:05 UTC 2024","passed","Wed Oct 23 22:56:05 UTC 2024","","PPO_BMSTU/tests/unit_tests/test_repository","PPO_BMSTU/tests/unit_tests/test_repository",""
"","0","TestJudgeServiceUpdateProfile/Success","","Wed Oct 23 22:56:11 UTC 2024","passed","Wed Oct 23 22:56:11 UTC 2024","","PPO_BMSTU/tests/unit_tests/test_service","PPO_BMSTU/tests/unit_tests/test_service",""
"","0","TestJudgeServiceUpdateProfile","","Wed Oct 23 22:56:11 UTC 2024","passed","Wed Oct 23 22:56:11 UTC 2024","","PPO_BMSTU/tests/unit_tests/test_service","PPO_BMSTU/tests/unit_tests/test_service",""
"","0","TestProtestServiceCompleteReview/crew_res_in_race_update_error","","Wed Oct 23 22:56:11 UTC 2024","passed","Wed Oct 23 22:56:11 UTC 2024","","PPO_BMSTU/tests/unit_tests/test_service","PPO_BMSTU/tests/unit_tests/test_service",""
"","0","TestParticipantServiceUpdate/update_failed","","Wed Oct 23 22:56:11 UTC 2024","passed","Wed Oct 23 22:56:11 UTC 2024","","PPO_BMSTU/tests/unit_tests/test_service","PPO_BMSTU/tests/unit_tests/test_service",""
"","0","TestProtestServiceCreate/create_failed","","Wed Oct 23 22:56:11 UTC 2024","passed","Wed Oct 23 22:56:11 UTC 2024","","PPO_BMSTU/tests/unit_tests/test_service","PPO_BMSTU/tests/unit_tests/test_service",""
"","0","TestRaceServiceDeleteRace/delete_race_success_test","","Wed Oct 23 22:56:11 UTC 2024","passed","Wed Oct 23 22:56:11 UTC 2024","","PPO_BMSTU/tests/unit_tests/test_service","PPO_BMSTU/tests/unit_tests/test_service",""
"","0","TestParticipantServiceUpdate/Success","","Wed Oct 23 22:56:11 UTC 2024","passed","Wed Oct 23 22:56:11 UTC 2024","","PPO_BMSTU/tests/unit_tests/test_service","PPO_BMSTU/tests/unit_tests/test_service",""
"","0","TestJudgeRepository/TestJudgeRepositoryUpdate_Success","","Wed Oct 23 22:56:05 UTC 2024","passed","Wed Oct 23 22:56:05 UTC 2024","","PPO_BMSTU/tests/unit_tests/test_repository","PPO_BMSTU/tests/unit_tests/test_repository",""
"","0","TestJudgeRepository/TestCreateProfile_Failure","","Wed Oct 23 22:56:05 UTC 2024","passed","Wed Oct 23 22:56:05 UTC 2024","","PPO_BMSTU/tests/unit_tests/test_repository","PPO_BMSTU/tests/unit_tests/test_repository",""
"","0","TestJudgeService_Delete/judgeView_not_found","","Wed Oct 23 22:56:11 UTC 2024","passed","Wed Oct 23 22:56:11 UTC 2024","","PPO_BMSTU/tests/unit_tests/test_service","PPO_BMSTU/tests/unit_tests/test_service",""
"","0","TestProtestServiceCompleteReview","","Wed Oct 23 22:56:11 UTC 2024","passed","Wed Oct 23 22:56:11 UTC 2024","","PPO_BMSTU/tests/unit_tests/test_service","PPO_BMSTU/tests/unit_tests/test_service",""
"","0","TestCrewService_CreateCrew/invalid_input","","Wed Oct 23 22:56:11 UTC 2024","passed","Wed Oct 23 22:56:11 UTC 2024","","PPO_BMSTU/tests/unit_tests/test_service","PPO_BMSTU/tests/unit_tests/test_service",""
"","0","TestICrewRepository/TestCrewRepositoryCreate_Success","","Wed Oct 23 22:56:05 UTC 2024","passed","Wed Oct 23 22:56:05 UTC 2024","","PPO_BMSTU/tests/unit_tests/test_repository","PPO_BMSTU/tests/unit_tests/test_repository",""
"","0","TestRatingServiceDetachJudgeFromRating","","Wed Oct 23 22:56:11 UTC 2024","passed","Wed Oct 23 22:56:11 UTC 2024","","PPO_BMSTU/tests/unit_tests/test_service","PPO_BMSTU/tests/unit_tests/test_service",""
"","0","TestRatingService_CreateRating/invalid_blowout_count","","Wed Oct 23 22:56:11 UTC 2024","passed","Wed Oct 23 22:56:11 UTC 2024","","PPO_BMSTU/tests/unit_tests/test_service","PPO_BMSTU/tests/unit_tests/test_service",""
"","0","TestRatingRepositoryTestSuite/TestCreateRating_Success","","Wed Oct 23 22:56:05 UTC 2024","passed","Wed Oct 23 22:56:05 UTC 2024","","PPO_BMSTU/tests/unit_tests/test_repository","PPO_BMSTU/tests/unit_tests/test_repository",""
"","0","TestParticipantServiceGetByID","","Wed Oct 23 22:56:11 UTC 2024","passed","Wed Oct 23 22:56:11 UTC 2024","","PPO_BMSTU/tests/unit_tests/test_service","PPO_BMSTU/tests/unit_tests/test_service",""
"","0","TestIParticipantRepository/TestParticipantRepositoryGetByID_Failure","","Wed Oct 23 22:56:05 UTC 2024","passed","Wed Oct 23 22:56:05 UTC 2024","","PPO_BMSTU/tests/unit_tests/test_repository","PPO_BMSTU/tests/unit_tests/test_repository",""
"","0","TestICrewRepository/TestCrewRepositoryUpdate_Success","","Wed Oct 23 22:56:05 UTC 2024","passed","Wed Oct 23 22:56:05 UTC 2024","","PPO_BMSTU/tests/unit_tests/test_repository","PPO_BMSTU/tests/unit_tests/test_repository",""
"","0","TestIProtestRepository/TestProtestRepositoryGetProtestParticipantsIDByID_Failure","","Wed Oct 23 22:56:05 UTC 2024","passed","Wed Oct 23 22:56:05 UTC 2024","","PPO_BMSTU/tests/unit_tests/test_repository","PPO_BMSTU/tests/unit_tests/test_repository",""
"","0","TestProtestServiceUpdate","","Wed Oct 23 22:56:11 UTC 2024","passed","Wed Oct 23 22:56:11 UTC 2024","","PPO_BMSTU/tests/unit_tests/test_service","PPO_BMSTU/tests/unit_tests/test_service",""
"","0","TestRaceServiceGetRaceDataByID/get_race_by_id_error","","Wed Oct 23 22:56:11 UTC 2024","passed","Wed Oct 23 22:56:11 UTC 2024","","PPO_BMSTU/tests/unit_tests/test_service","PPO_BMSTU/tests/unit_tests/test_service",""
"","0","TestProtestServiceDetachCrewFromProtest","","Wed Oct 23 22:56:11 UTC 2024","passed","Wed Oct 23 22:56:11 UTC 2024","","PPO_BMSTU/tests/unit_tests/test_service","PPO_BMSTU/tests/unit_tests/test_service",""
"","0","TestICrewRepository/TestCrewRepositoryGetCrewsDataByProtestID_Success","","Wed Oct 23 22:56:05 UTC 2024","passed","Wed Oct 23 22:56:05 UTC 2024","","PPO_BMSTU/tests/unit_tests/test_repository","PPO_BMSTU/tests/unit_tests/test_repository",""
"","0","TestICrewRepository/TestCrewRepositoryAttachParticipantToCrew_Success","","Wed Oct 23 22:56:05 UTC 2024","passed","Wed Oct 23 22:56:05 UTC 2024","","PPO_BMSTU/tests/unit_tests/test_repository","PPO_BMSTU/tests/unit_tests/test_repository",""
"","0","TestIParticipantRepository/TestParticipantRepositoryCreate_Success","","Wed Oct 23 22:56:05 UTC 2024","passed","Wed Oct 23 22:56:05 UTC 2024","","PPO_BMSTU/tests/unit_tests/test_repository","PPO_BMSTU/tests/unit_tests/test_repository",""
"","0","TestCrewServiceAttachParticipantToCrew/Success","","Wed Oct 23 22:56:11 UTC 2024","passed","Wed Oct 23 22:56:11 UTC 2024","","PPO_BMSTU/tests/unit_tests/test_service","PPO_BMSTU/tests/unit_tests/test_service",""
"","0","TestRaceService_UpdateRace/race_update_error","","Wed Oct 23 22:56:11 UTC 2024","passed","Wed Oct 23 22:56:11 UTC 2024","","PPO_BMSTU/tests/unit_tests/test_service","PPO_BMSTU/tests/unit_tests/test_service",""
"","0","TestCrewServiceAttachParticipantToCrew/attach_participant_to_crew_error","","Wed Oct 23 22:56:11 UTC 2024","passed","Wed Oct 23 22:56:11 UTC 2024","","PPO_BMSTU/tests/unit_tests/test_service","PPO_BMSTU/tests/unit_tests/test_service",""
"","0","TestRatingServiceDeleteRating/rating_not_found","","Wed Oct 23 22:56:11 UTC 2024","passed","Wed Oct 23 22:56:11 UTC 2024","","PPO_BMSTU/tests/unit_tests/test_service","PPO_BMSTU/tests/unit_tests/test_service",""
"","0","TestRatingService_CreateRating/create_rating_success_test","","Wed Oct 23 22:56:11 UTC 2024","passed","Wed Oct 23 22:56:11 UTC 2024","","PPO_BMSTU/tests/unit_tests/test_service","PPO_BMSTU/tests/unit_tests/test_service",""
"","0","TestParticipantServiceUpdate/invalid_fio","","Wed Oct 23 22:56:11 UTC 2024","passed","Wed Oct 23 22:56:11 UTC 2024","","PPO_BMSTU/tests/unit_tests/test_service","PPO_BMSTU/tests/unit_tests/test_service",""
"","0","TestJudgeServiceGetJudgeDataByProtestID/Success","","Wed Oct 23 22:56:11 UTC 2024","passed","Wed Oct 23 22:56:11 UTC 2024","","PPO_BMSTU/tests/unit_tests/test_service","PPO_BMSTU/tests/unit_tests/test_service",""
"","0","TestRaceRepositoryTestSuite/TestGetRaceDataByID_Failure","","Wed Oct 23 22:56:05 UTC 2024","passed","Wed Oct 23 22:56:05 UTC 2024","","PPO_BMSTU/tests/unit_tests/test_repository","PPO_BMSTU/tests/unit_tests/test_repository",""
"","0","TestRaceServiceGetRacesDataByRatingID/races_not_found","","Wed Oct 23 22:56:11 UTC 2024","passed","Wed Oct 23 22:56:11 UTC 2024","","PPO_BMSTU/tests/unit_tests/test_service","PPO_BMSTU/tests/unit_tests/test_service",""
"","0","TestCrewService_CreateCrew","","Wed Oct 23 22:56:11 UTC 2024","passed","Wed Oct 23 22:56:11 UTC 2024","","PPO_BMSTU/tests/unit_tests/test_service","PPO_BMSTU/tests/unit_tests/test_service",""
"","0","TestProtestServiceAttachCrewToProtest/attach_crew_to_protest_error","","Wed Oct 23 22:56:11 UTC 2024","passed","Wed Oct 23 22:56:11 UTC 2024","","PPO_BMSTU/tests/unit_tests/test_service","PPO_BMSTU/tests/unit_tests/test_service",""
"","0","TestIProtestRepository/TestProtestRepositoryDetachCrewFromProtest_Success","","Wed Oct 23 22:56:05 UTC 2024","passed","Wed Oct 23 22:56:05 UTC 2024","","PPO_BMSTU/tests/unit_tests/test_repository","PPO_BMSTU/tests/unit_tests/test_repository",""
"","0","TestRaceServiceGetRacesDataByRatingID","","Wed Oct 23 22:56:11 UTC 2024","passed","Wed Oct 23 22:56:11 UTC 2024","","PPO_BMSTU/tests/unit_tests/test_service","PPO_BMSTU/tests/unit_tests/test_service",""
"","0","TestICrewRepository/TestCrewRepositoryReplaceParticipantStatusInCrew_Success","","Wed Oct 23 22:56:05 UTC 2024","passed","Wed Oct 23 22:56:05 UTC 2024","","PPO_BMSTU/tests/unit_tests/test_repository","PPO_BMSTU/tests/unit_tests/test_repository",""
"","0","TestRatingRepositoryTestSuite/TestGetRatingByID_Success","","Wed Oct 23 22:56:05 UTC 2024","passed","Wed Oct 23 22:56:05 UTC 2024","","PPO_BMSTU/tests/unit_tests/test_repository","PPO_BMSTU/tests/unit_tests/test_repository",""
"","0","TestRaceRepositoryTestSuite/TestUpdate_Failure","","Wed Oct 23 22:56:05 UTC 2024","passed","Wed Oct 23 22:56:05 UTC 2024","","PPO_BMSTU/tests/unit_tests/test_repository","PPO_BMSTU/tests/unit_tests/test_repository",""
"","0","TestRatingService_CreateRating","","Wed Oct 23 22:56:11 UTC 2024","passed","Wed Oct 23 22:56:11 UTC 2024","","PPO_BMSTU/tests/unit_tests/test_service","PPO_BMSTU/tests/unit_tests/test_service",""
"","0","TestParticipantServiceGetByID/basic_get_by_id","","Wed Oct 23 22:56:11 UTC 2024","passed","Wed Oct 23 22:56:11 UTC 2024","","PPO_BMSTU/tests/unit_tests/test_service","PPO_BMSTU/tests/unit_tests/test_service",""
"","0","TestIProtestRepository/TestProtestRepositoryCreate_Success","","Wed Oct 23 22:56:05 UTC 2024","passed","Wed Oct 23 22:56:05 UTC 2024","","PPO_BMSTU/tests/unit_tests/test_repository","PPO_BMSTU/tests/unit_tests/test_repository",""
"","0","TestRaceServiceDeleteRace/race_not_found","","Wed Oct 23 22:56:11 UTC 2024","passed","Wed Oct 23 22:56:11 UTC 2024","","PPO_BMSTU/tests/unit_tests/test_service","PPO_BMSTU/tests/unit_tests/test_service",""
"","0","TestProtestServiceDetachCrewFromProtest/detach_crew_from_protest_error","","Wed Oct 23 22:56:11 UTC 2024","passed","Wed Oct 23 22:56:11 UTC 2024","","PPO_BMSTU/tests/unit_tests/test_service","PPO_BMSTU/tests/unit_tests/test_service",""
"","0","TestJudgeRepository/TestJudgeRepositoryGetAllJudges_Success","","Wed Oct 23 22:56:05 UTC 2024","passed","Wed Oct 23 22:56:05 UTC 2024","","PPO_BMSTU/tests/unit_tests/test_repository","PPO_BMSTU/tests/unit_tests/test_repository",""
"","0","TestJudgeRepository/TestCreateProfile_Success","","Wed Oct 23 22:56:05 UTC 2024","passed","Wed Oct 23 22:56:05 UTC 2024","","PPO_BMSTU/tests/unit_tests/test_repository","PPO_BMSTU/tests/unit_tests/test_repository",""
"","0","TestProtestServiceGetProtestsDataByRaceID/protests_not_found","","Wed Oct 23 22:56:11 UTC 2024","passed","Wed Oct 23 22:56:11 UTC 2024","","PPO_BMSTU/tests/unit_tests/test_service","PPO_BMSTU/tests/unit_tests/test_service",""
"","0","TestICrewRepository/TestCrewRepositoryGetCrewDataBySailNumAndRatingID_Failure","","Wed Oct 23 22:56:05 UTC 2024","passed","Wed Oct 23 22:56:05 UTC 2024","","PPO_BMSTU/tests/unit_tests/test_repository","PPO_BMSTU/tests/unit_tests/test_repository",""
"","0","TestJudgeServiceGetJudgesDataByRatingID","","Wed Oct 23 22:56:11 UTC 2024","passed","Wed Oct 23 22:56:11 UTC 2024","","PPO_BMSTU/tests/unit_tests/test_service","PPO_BMSTU/tests/unit_tests/test_service",""
"","0","TestJudgeServiceCreate/invalid_Login","","Wed Oct 23 22:56:11 UTC 2024","passed","Wed Oct 23 22:56:11 UTC 2024","","PPO_BMSTU/tests/unit_tests/test_service","PPO_BMSTU/tests/unit_tests/test_service",""
"","0","TestCrewServiceUpdateCrewByID/Success","","Wed Oct 23 22:56:11 UTC 2024","passed","Wed Oct 23 22:56:11 UTC 2024","","PPO_BMSTU/tests/unit_tests/test_service","PPO_BMSTU/tests/unit_tests/test_service",""
"","0","TestProtestServiceAttachCrewToProtest/Success","","Wed Oct 23 22:56:11 UTC 2024","passed","Wed Oct 23 22:56:11 UTC 2024","","PPO_BMSTU/tests/unit_tests/test_service","PPO_BMSTU/tests/unit_tests/test_service",""
"","0","TestProtestServiceUpdate/basic_update","","Wed Oct 23 22:56:11 UTC 2024","passed","Wed Oct 23 22:56:11 UTC 2024","","PPO_BMSTU/tests/unit_tests/test_service","PPO_BMSTU/tests/unit_tests/test_service",""
"","0","TestJudgeRepository/TestJudgeRepositoryGetByID_Failure","","Wed Oct 23 22:56:05 UTC 2024","passed","Wed Oct 23 22:56:05 UTC 2024","","PPO_BMSTU/tests/unit_tests/test_repository","PPO_BMSTU/tests/unit_tests/test_repository",""
"","0","TestJudgeServiceGetJudgesDataByRatingID/Success","","Wed Oct 23 22:56:11 UTC 2024","passed","Wed Oct 23 22:56:11 UTC 2024","","PPO_BMSTU/tests/unit_tests/test_service","PPO_BMSTU/tests/unit_tests/test_service",""
"","0","TestRaceServiceMakeFinishProcedure","","Wed Oct 23 22:56:11 UTC 2024","passed","Wed Oct 23 22:56:11 UTC 2024","","PPO_BMSTU/tests/unit_tests/test_service","PPO_BMSTU/tests/unit_tests/test_service",""
"","0","TestIProtestRepository/TestProtestRepositoryUpdate_Failure","","Wed Oct 23 22:56:05 UTC 2024","passed","Wed Oct 23 22:56:05 UTC 2024","","PPO_BMSTU/tests/unit_tests/test_repository","PPO_BMSTU/tests/unit_tests/test_repository",""
"","0","TestRaceServiceMakeStartProcedure/GetCrewsDataByRatingID_error","","Wed Oct 23 22:56:11 UTC 2024","passed","Wed Oct 23 22:56:11 UTC 2024","","PPO_BMSTU/tests/unit_tests/test_service","PPO_BMSTU/tests/unit_tests/test_service",""
"","0","TestProtestServiceGetProtestParticipantsIDByID/protest_participants_not_found","","Wed Oct 23 22:56:11 UTC 2024","passed","Wed Oct 23 22:56:11 UTC 2024","","PPO_BMSTU/tests/unit_tests/test_service","PPO_BMSTU/tests/unit_tests/test_service",""
"","0","TestRaceServiceDeleteRace/delete_race_error","","Wed Oct 23 22:56:11 UTC 2024","passed","Wed Oct 23 22:56:11 UTC 2024","","PPO_BMSTU/tests/unit_tests/test_service","PPO_BMSTU/tests/unit_tests/test_service",""
"","0","TestIParticipantRepository/TestParticipantRepositoryCreate_Failure","","Wed Oct 23 22:56:05 UTC 2024","passed","Wed Oct 23 22:56:05 UTC 2024","","PPO_BMSTU/tests/unit_tests/test_repository","PPO_BMSTU/tests/unit_tests/test_repository",""
"","0","TestRaceRepositoryTestSuite/TestUpdate_Success","","Wed Oct 23 22:56:05 UTC 2024","passed","Wed Oct 23 22:56:05 UTC 2024","","PPO_BMSTU/tests/unit_tests/test_repository","PPO_BMSTU/tests/unit_tests/test_repository",""
"","0","TestIProtestRepository/TestProtestRepositoryUpdate_Success","","Wed Oct 23 22:56:05 UTC 2024","passed","Wed Oct 23 22:56:05 UTC 2024","","PPO_BMSTU/tests/unit_tests/test_repository","PPO_BMSTU/tests/unit_tests/test_repository",""
"","0","TestJudgeServiceUpdateProfile/invalid_password","","Wed Oct 23 22:56:11 UTC 2024","passed","Wed Oct 23 22:56:11 UTC 2024","","PPO_BMSTU/tests/unit_tests/test_service","PPO_BMSTU/tests/unit_tests/test_service",""
"","0","TestRaceRepositoryTestSuite/TestGetRacesDataByRatingID_Failure","","Wed Oct 23 22:56:05 UTC 2024","passed","Wed Oct 23 22:56:05 UTC 2024","","PPO_BMSTU/tests/unit_tests/test_repository","PPO_BMSTU/tests/unit_tests/test_repository",""
"","0","TestRaceRepositoryTestSuite","","Wed Oct 23 22:56:05 UTC 2024","passed","Wed Oct 23 22:56:05 UTC 2024","","PPO_BMSTU/tests/unit_tests/test_repository","PPO_BMSTU/tests/unit_tests/test_repository",""
"","0","TestRatingRepositoryTestSuite/TestUpdateRating_Success","","Wed Oct 23 22:56:05 UTC 2024","passed","Wed Oct 23 22:56:05 UTC 2024","","PPO_BMSTU/tests/unit_tests/test_repository","PPO_BMSTU/tests/unit_tests/test_repository",""
"","0","TestICrewRepository/TestCrewRepositoryGetCrewsDataByRatingID_Failure","","Wed Oct 23 22:56:05 UTC 2024","passed","Wed Oct 23 22:56:05 UTC 2024","","PPO_BMSTU/tests/unit_tests/test_repository","PPO_BMSTU/tests/unit_tests/test_repository",""
"","0","TestProtestServiceCreate/Attach_witnesse_Crew_To_Protest_failed","","Wed Oct 23 22:56:11 UTC 2024","passed","Wed Oct 23 22:56:11 UTC 2024","","PPO_BMSTU/tests/unit_tests/test_service","PPO_BMSTU/tests/unit_tests/test_service",""
"","0","TestProtestServiceCreate/basic_create","","Wed Oct 23 22:56:11 UTC 2024","passed","Wed Oct 23 22:56:11 UTC 2024","","PPO_BMSTU/tests/unit_tests/test_service","PPO_BMSTU/tests/unit_tests/test_service",""
"","0","TestIParticipantRepository/TestParticipantRepositoryUpdate_Failure","","Wed Oct 23 22:56:05 UTC 2024","passed","Wed Oct 23 22:56:05 UTC 2024","","PPO_BMSTU/tests/unit_tests/test_repository","PPO_BMSTU/tests/unit_tests/test_repository",""
"","0","TestRatingRepositoryTestSuite/TestDeleteRating_Failure","","Wed Oct 23 22:56:05 UTC 2024","passed","Wed Oct 23 22:56:05 UTC 2024","","PPO_BMSTU/tests/unit_tests/test_repository","PPO_BMSTU/tests/unit_tests/test_repository",""
"","0","TestRaceService_UpdateRace/update_race_success_test","","Wed Oct 23 22:56:11 UTC 2024","passed","Wed Oct 23 22:56:11 UTC 2024","","PPO_BMSTU/tests/unit_tests/test_service","PPO_BMSTU/tests/unit_tests/test_service",""
"","0","TestRatingServiceDeleteRating/DetachJudgeFromRating_error","","Wed Oct 23 22:56:11 UTC 2024","passed","Wed Oct 23 22:56:11 UTC 2024","","PPO_BMSTU/tests/unit_tests/test_service","PPO_BMSTU/tests/unit_tests/test_service",""
"","0","TestCrewServiceUpdateCrewByID/crew_not_found","","Wed Oct 23 22:56:11 UTC 2024","passed","Wed Oct 23 22:56:11 UTC 2024","","PPO_BMSTU/tests/unit_tests/test_service","PPO_BMSTU/tests/unit_tests/test_service",""
"","0","TestJudgeRepository/TestJudgeRepositoryGetJudgeDataByLogin_Failure","","Wed Oct 23 22:56:05 UTC 2024","passed","Wed Oct 23 22:56:05 UTC 2024","","PPO_BMSTU/tests/unit_tests/test_repository","PPO_BMSTU/tests/unit_tests/test_repository",""
"","0","TestProtestServiceAttachCrewToProtest/invalid_role_error","","Wed Oct 23 22:56:11 UTC 2024","passed","Wed Oct 23 22:56:11 UTC 2024","","PPO_BMSTU/tests/unit_tests/test_service","PPO_BMSTU/tests/unit_tests/test_service",""
"","0","TestRatingRepositoryTestSuite/TestDeleteRating_Success","","Wed Oct 23 22:56:05 UTC 2024","passed","Wed Oct 23 22:56:05 UTC 2024","","PPO_BMSTU/tests/unit_tests/test_repository","PPO_BMSTU/tests/unit_tests/test_repository",""
"","0","TestIProtestRepository/TestProtestRepositoryGetByID_Failure","","Wed Oct 23 22:56:05 UTC 2024","passed","Wed Oct 23 22:56:05 UTC 2024","","PPO_BMSTU/tests/unit_tests/test_repository","PPO_BMSTU/tests/unit_tests/test_repository",""
"","0","TestJudgeService_Delete/Success","","Wed Oct 23 22:56:11 UTC 2024","passed","Wed Oct 23 22:56:11 UTC 2024","","PPO_BMSTU/tests/unit_tests/test_service","PPO_BMSTU/tests/unit_tests/test_service",""
"","0","TestIParticipantRepository/TestParticipantRepositoryGetByCrewID_Success","","Wed Oct 23 22:56:05 UTC 2024","passed","Wed Oct 23 22:56:05 UTC 2024","","PPO_BMSTU/tests/unit_tests/test_repository","PPO_BMSTU/tests/unit_tests/test_repository",""
"","0","TestProtestServiceAttachCrewToProtest/crew_not_found_error","","Wed Oct 23 22:56:11 UTC 2024","passed","Wed Oct 23 22:56:11 UTC 2024","","PPO_BMSTU/tests/unit_tests/test_service","PPO_BMSTU/tests/unit_tests/test_service",""
"","0","TestProtestServiceDetachCrewFromProtest/Success","","Wed Oct 23 22:56:11 UTC 2024","passed","Wed Oct 23 22:56:11 UTC 2024","","PPO_BMSTU/tests/unit_tests/test_service","PPO_BMSTU/tests/unit_tests/test_service",""
"","0","TestJudgeRepository/TestJudgeRepositoryGetJudgeDataByLogin_Success","","Wed Oct 23 22:56:05 UTC 2024","passed","Wed Oct 23 22:56:05 UTC 2024","","PPO_BMSTU/tests/unit_tests/test_repository","PPO_BMSTU/tests/unit_tests/test_repository",""
"","0","TestProtestServiceDeleteProtest","","Wed Oct 23 22:56:11 UTC 2024","passed","Wed Oct 23 22:56:11 UTC 2024","","PPO_BMSTU/tests/unit_tests/test_service","PPO_BMSTU/tests/unit_tests/test_service",""
"","0","TestCrewServiceGetCrewDataByID","","Wed Oct 23 22:56:11 UTC 2024","passed","Wed Oct 23 22:56:11 UTC 2024","","PPO_BMSTU/tests/unit_tests/test_service","PPO_BMSTU/tests/unit_tests/test_service",""
"","0","TestRaceRepositoryTestSuite/TestGetRacesDataByRatingID_Success","","Wed Oct 23 22:56:05 UTC 2024","passed","Wed Oct 23 22:56:05 UTC 2024","","PPO_BMSTU/tests/unit_tests/test_repository","PPO_BMSTU/tests/unit_tests/test_repository",""
"","0","TestICrewRepository","","Wed Oct 23 22:56:05 UTC 2024","passed","Wed Oct 23 22:56:05 UTC 2024","","PPO_BMSTU/tests/unit_tests/test_repository","PPO_BMSTU/tests/unit_tests/test_repository",""
"","0","TestJudgeService_GetJudgeByID/Success","","Wed Oct 23 22:56:11 UTC 2024","passed","Wed Oct 23 22:56:11 UTC 2024","","PPO_BMSTU/tests/unit_tests/test_service","PPO_BMSTU/tests/unit_tests/test_service",""
"","0","TestRaceServiceMakeStartProcedure/GetRaceDataByID_error","","Wed Oct 23 22:56:11 UTC 2024","passed","Wed Oct 23 22:56:11 UTC 2024","","PPO_BMSTU/tests/unit_tests/test_service","PPO_BMSTU/tests/unit_tests/test_service",""
"","0","TestJudgeRepository/TestJudgeRepositoryGetJudgeDataByProtestID_Success","","Wed Oct 23 22:56:05 UTC 2024","passed","Wed Oct 23 22:56:05 UTC 2024","","PPO_BMSTU/tests/unit_tests/test_repository","PPO_BMSTU/tests/unit_tests/test_repository",""
"","0","TestRatingServiceDeleteRating/GetJudgesDataByRatingID_error","","Wed Oct 23 22:56:11 UTC 2024","passed","Wed Oct 23 22:56:11 UTC 2024","","PPO_BMSTU/tests/unit_tests/test_service","PPO_BMSTU/tests/unit_tests/test_service",""
"","0","TestParticipantServiceCreate/create_failed","","Wed Oct 23 22:56:11 UTC 2024","passed","Wed Oct 23 22:56:11 UTC 2024","","PPO_BMSTU/tests/unit_tests/test_service","PPO_BMSTU/tests/unit_tests/test_service",""
"","0","TestRaceRepositoryTestSuite/TestCreate_Failure","","Wed Oct 23 22:56:05 UTC 2024","passed","Wed Oct 23 22:56:05 UTC 2024","","PPO_BMSTU/tests/unit_tests/test_repository","PPO_BMSTU/tests/unit_tests/test_repository",""
"","0","TestIProtestRepository/TestProtestRepositoryGetProtestParticipantsIDByID_Success","","Wed Oct 23 22:56:05 UTC 2024","passed","Wed Oct 23 22:56:05 UTC 2024","","PPO_BMSTU/tests/unit_tests/test_repository","PPO_BMSTU/tests/unit_tests/test_repository",""
"","0","TestCrewServiceDeleteCrew","","Wed Oct 23 22:56:11 UTC 2024","passed","Wed Oct 23 22:56:11 UTC 2024","","PPO_BMSTU/tests/unit_tests/test_service","PPO_BMSTU/tests/unit_tests/test_service",""
"","0","TestICrewRepository/TestCrewRepositoryUpdate_Failure","","Wed Oct 23 22:56:05 UTC 2024","passed","Wed Oct 23 22:56:05 UTC 2024","","PPO_BMSTU/tests/unit_tests/test_repository","PPO_BMSTU/tests/unit_tests/test_repository",""
"","0","TestRaceRepositoryTestSuite/TestDelete_Failure","","Wed Oct 23 22:56:05 UTC 2024","passed","Wed Oct 23 22:56:05 UTC 2024","","PPO_BMSTU/tests/unit_tests/test_repository","PPO_BMSTU/tests/unit_tests/test_repository",""
"","0","TestRaceServiceMakeFinishProcedure/GetCrewResByRaceIDAndCrewID_error","","Wed Oct 23 22:56:11 UTC 2024","passed","Wed Oct 23 22:56:11 UTC 2024","","PPO_BMSTU/tests/unit_tests/test_service","PPO_BMSTU/tests/unit_tests/test_service",""
"","0","TestProtestServiceDeleteProtest/delete_protest_error","","Wed Oct 23 22:56:11 UTC 2024","passed","Wed Oct 23 22:56:11 UTC 2024","","PPO_BMSTU/tests/unit_tests/test_service","PPO_BMSTU/tests/unit_tests/test_service",""
"","0","TestRaceService_CreateRace/race_creation_error","","Wed Oct 23 22:56:11 UTC 2024","passed","Wed Oct 23 22:56:11 UTC 2024","","PPO_BMSTU/tests/unit_tests/test_service","PPO_BMSTU/tests/unit_tests/test_service",""
"","0","TestRatingServiceDeleteRating/delete_rating_error","","Wed Oct 23 22:56:11 UTC 2024","passed","Wed Oct 23 22:56:11 UTC 2024","","PPO_BMSTU/tests/unit_tests/test_service","PPO_BMSTU/tests/unit_tests/test_service",""
"","0","TestJudgeServiceUpdateProfile/invalid_fio","","Wed Oct 23 22:56:11 UTC 2024","passed","Wed Oct 23 22:56:11 UTC 2024","","PPO_BMSTU/tests/unit_tests/test_service","PPO_BMSTU/tests/unit_tests/test_service",""
"","0","TestParticipantServiceUpdate","","Wed Oct 23 22:56:11 UTC 2024","passed","Wed Oct 23 22:56:11 UTC 2024","","PPO_BMSTU/tests/unit_tests/test_service","PPO_BMSTU/tests/unit_tests/test_service",""
"","0","TestProtestServiceGetProtestParticipantsIDByID/get_protest_participants_by_id_error","","Wed Oct 23 22:56:11 UTC 2024","passed","Wed Oct 23 22:56:11 UTC 2024","","PPO_BMSTU/tests/unit_tests/test_service","PPO_BMSTU/tests/unit_tests/test_service",""
"","0","TestRatingService_CreateRating/rating_creation_error","","Wed Oct 23 22:56:11 UTC 2024","passed","Wed Oct 23 22:56:11 UTC 2024","","PPO_BMSTU/tests/unit_tests/test_service","PPO_BMSTU/tests/unit_tests/test_service",""
"","0","TestCrewServiceGetCrewDataByID/crew_not_found","","Wed Oct 23 22:56:11 UTC 2024","passed","Wed Oct 23 22:56:11 UTC 2024","","PPO_BMSTU/tests/unit_tests/test_service","PPO_BMSTU/tests/unit_tests/test_service",""
"","0","TestParticipantServiceCreate/invalid_fio","","Wed Oct 23 22:56:11 UTC 2024","passed","Wed Oct 23 22:56:11 UTC 2024","","PPO_BMSTU/tests/unit_tests/test_service","PPO_BMSTU/tests/unit_tests/test_service",""
"","0","TestParticipantServiceUpdate/participant_not_found","","Wed Oct 23 22:56:11 UTC 2024","passed","Wed Oct 23 22:56:11 UTC 2024","","PPO_BMSTU/tests/unit_tests/test_service","PPO_BMSTU/tests/unit_tests/test_service",""
"","0","TestIProtestRepository/TestProtestRepositoryGetProtestsDataByRaceID_Success","","Wed Oct 23 22:56:05 UTC 2024","passed","Wed Oct 23 22:56:05 UTC 2024","","PPO_BMSTU/tests/unit_tests/test_repository","PPO_BMSTU/tests/unit_tests/test_repository",""
"","0","TestParticipantServiceCreate/invalid_birthdate","","Wed Oct 23 22:56:11 UTC 2024","passed","Wed Oct 23 22:56:11 UTC 2024","","PPO_BMSTU/tests/unit_tests/test_service","PPO_BMSTU/tests/unit_tests/test_service",""
"","0","TestParticipantServiceCreate/invalid_category","","Wed Oct 23 22:56:11 UTC 2024","passed","Wed Oct 23 22:56:11 UTC 2024","","PPO_BMSTU/tests/unit_tests/test_service","PPO_BMSTU/tests/unit_tests/test_service",""
"","0","TestParticipantServiceCreate/invalid_coach","","Wed Oct 23 22:56:11 UTC 2024","passed","Wed Oct 23 22:56:11 UTC 2024","","PPO_BMSTU/tests/unit_tests/test_service","PPO_BMSTU/tests/unit_tests/test_service",""
"","0","TestRatingServiceDetachJudgeFromRating/Success","","Wed Oct 23 22:56:11 UTC 2024","passed","Wed Oct 23 22:56:11 UTC 2024","","PPO_BMSTU/tests/unit_tests/test_service","PPO_BMSTU/tests/unit_tests/test_service",""
"","0","TestCrewServiceAttachParticipantToCrew/input_data_error","","Wed Oct 23 22:56:11 UTC 2024","passed","Wed Oct 23 22:56:11 UTC 2024","","PPO_BMSTU/tests/unit_tests/test_service","PPO_BMSTU/tests/unit_tests/test_service",""
"","0","TestProtestServiceDeleteProtest/delete_protest_success_test","","Wed Oct 23 22:56:11 UTC 2024","passed","Wed Oct 23 22:56:11 UTC 2024","","PPO_BMSTU/tests/unit_tests/test_service","PPO_BMSTU/tests/unit_tests/test_service",""
"","0","TestRatingServiceGetRatingDataByID","","Wed Oct 23 22:56:11 UTC 2024","passed","Wed Oct 23 22:56:11 UTC 2024","","PPO_BMSTU/tests/unit_tests/test_service","PPO_BMSTU/tests/unit_tests/test_service",""
"","0","TestRaceService_UpdateRace/invalid_input","","Wed Oct 23 22:56:11 UTC 2024","passed","Wed Oct 23 22:56:11 UTC 2024","","PPO_BMSTU/tests/unit_tests/test_service","PPO_BMSTU/tests/unit_tests/test_service",""
"","0","TestICrewRepository/TestCrewRepositoryGetCrewDataByID_Success","","Wed Oct 23 22:56:05 UTC 2024","passed","Wed Oct 23 22:56:05 UTC 2024","","PPO_BMSTU/tests/unit_tests/test_repository","PPO_BMSTU/tests/unit_tests/test_repository",""
"","0","TestRaceServiceMakeFinishProcedure/Success","","Wed Oct 23 22:56:11 UTC 2024","passed","Wed Oct 23 22:56:11 UTC 2024","","PPO_BMSTU/tests/unit_tests/test_service","PPO_BMSTU/tests/unit_tests/test_service",""
"","0","TestRatingServiceDeleteRating/delete_rating_success_test","","Wed Oct 23 22:56:11 UTC 2024","passed","Wed Oct 23 22:56:11 UTC 2024","","PPO_BMSTU/tests/unit_tests/test_service","PPO_BMSTU/tests/unit_tests/test_service",""
"","0","TestProtestServiceCompleteReview/protest_update_error","","Wed Oct 23 22:56:11 UTC 2024","passed","Wed Oct 23 22:56:11 UTC 2024","","PPO_BMSTU/tests/unit_tests/test_service","PPO_BMSTU/tests/unit_tests/test_service",""
"","0","TestCrewServiceReplaceParticipantStatusInCrew/input_data_error","","Wed Oct 23 22:56:11 UTC 2024","passed","Wed Oct 23 22:56:11 UTC 2024","","PPO_BMSTU/tests/unit_tests/test_service","PPO_BMSTU/tests/unit_tests/test_service",""
"","0","TestRaceServiceMakeStartProcedure","","Wed Oct 23 22:56:11 UTC 2024","passed","Wed Oct 23 22:56:11 UTC 2024","","PPO_BMSTU/tests/unit_tests/test_service","PPO_BMSTU/tests/unit_tests/test_service",""
"","0","TestRaceService_CreateRace/invalid_input","","Wed Oct 23 22:56:11 UTC 2024","passed","Wed Oct 23 22:56:11 UTC 2024","","PPO_BMSTU/tests/unit_tests/test_service","PPO_BMSTU/tests/unit_tests/test_service",""
"","0","TestIParticipantRepository/TestParticipantRepositoryUpdate_Success","","Wed Oct 23 22:56:05 UTC 2024","passed","Wed Oct 23 22:56:05 UTC 2024","","PPO_BMSTU/tests/unit_tests/test_repository","PPO_BMSTU/tests/unit_tests/test_repository",""
"","0","TestRatingRepositoryTestSuite/TestAttachJudgeToRating_Success","","Wed Oct 23 22:56:05 UTC 2024","passed","Wed Oct 23 22:56:05 UTC 2024","","PPO_BMSTU/tests/unit_tests/test_repository","PPO_BMSTU/tests/unit_tests/test_repository",""
"","0","TestProtestServiceGetProtestParticipantsIDByID/get_protest_participants_ids_by_protest_id_success_test","","Wed Oct 23 22:56:11 UTC 2024","passed","Wed Oct 23 22:56:11 UTC 2024","","PPO_BMSTU/tests/unit_tests/test_service","PPO_BMSTU/tests/unit_tests/test_service",""
"","0","TestParticipantServiceUpdate/invalid_birthdate","","Wed Oct 23 22:56:11 UTC 2024","passed","Wed Oct 23 22:56:11 UTC 2024","","PPO_BMSTU/tests/unit_tests/test_service","PPO_BMSTU/tests/unit_tests/test_service",""
"","0","TestProtestServiceCompleteReview/GetCrewResByRaceIDAndCrewID_error","","Wed Oct 23 22:56:11 UTC 2024","passed","Wed Oct 23 22:56:11 UTC 2024","","PPO_BMSTU/tests/unit_tests/test_service","PPO_BMSTU/tests/unit_tests/test_service",""
"","0","TestCrewServiceDeleteCrew/crew_not_found","","Wed Oct 23 22:56:11 UTC 2024","passed","Wed Oct 23 22:56:11 UTC 2024","","PPO_BMSTU/tests/unit_tests/test_service","PPO_BMSTU/tests/unit_tests/test_service",""
"","0","TestRaceServiceGetRacesDataByRatingID/get_races_by_rating_id_error","","Wed Oct 23 22:56:11 UTC 2024","passed","Wed Oct 23 22:56:11 UTC 2024","","PPO_BMSTU/tests/unit_tests/test_service","PPO_BMSTU/tests/unit_tests/test_service",""
"","0","TestJudgeServiceGetJudgesDataByRatingID/empty_list","","Wed Oct 23 22:56:11 UTC 2024","passed","Wed Oct 23 22:56:11 UTC 2024","","PPO_BMSTU/tests/unit_tests/test_service","PPO_BMSTU/tests/unit_tests/test_service",""
"","0","TestProtestServiceGetProtestsDataByRaceID/get_protests_by_race_id_success_test","","Wed Oct 23 22:56:11 UTC 2024","passed","Wed Oct 23 22:56:11 UTC 2024","","PPO_BMSTU/tests/unit_tests/test_service","PPO_BMSTU/tests/unit_tests/test_service",""
"","0","TestCrewResInRaceRepository/TestCrewResInRaceRepositoryGetCrewResByRaceIDAndCrewID_Success","","Wed Oct 23 22:56:05 UTC 2024","passed","Wed Oct 23 22:56:05 UTC 2024","","PPO_BMSTU/tests/unit_tests/test_repository","PPO_BMSTU/tests/unit_tests/test_repository",""
"","0","TestRaceRepositoryTestSuite/TestCreate_Success","","Wed Oct 23 22:56:05 UTC 2024","passed","Wed Oct 23 22:56:05 UTC 2024","","PPO_BMSTU/tests/unit_tests/test_repository","PPO_BMSTU/tests/unit_tests/test_repository",""
"","0","TestJudgeServiceUpdateProfile/invalid_login","","Wed Oct 23 22:56:11 UTC 2024","passed","Wed Oct 23 22:56:11 UTC 2024","","PPO_BMSTU/tests/unit_tests/test_service","PPO_BMSTU/tests/unit_tests/test_service",""
"","0","TestProtestServiceCreate/AttachCrewToProtest_method_failed","","Wed Oct 23 22:56:11 UTC 2024","passed","Wed Oct 23 22:56:11 UTC 2024","","PPO_BMSTU/tests/unit_tests/test_service","PPO_BMSTU/tests/unit_tests/test_service",""
"","0","TestJudgeRepository/TestJudgeRepositoryUpdate_Failure","","Wed Oct 23 22:56:05 UTC 2024","passed","Wed Oct 23 22:56:05 UTC 2024","","PPO_BMSTU/tests/unit_tests/test_repository","PPO_BMSTU/tests/unit_tests/test_repository",""
"","0","TestJudgeRepository/TestJudgeRepositoryGetAllJudges_Failure","","Wed Oct 23 22:56:05 UTC 2024","passed","Wed Oct 23 22:56:05 UTC 2024","","PPO_BMSTU/tests/unit_tests/test_repository","PPO_BMSTU/tests/unit_tests/test_repository",""
"","0","TestCrewResInRaceRepository/TestCrewResInRaceRepositoryUpdate_Success","","Wed Oct 23 22:56:05 UTC 2024","passed","Wed Oct 23 22:56:05 UTC 2024","","PPO_BMSTU/tests/unit_tests/test_repository","PPO_BMSTU/tests/unit_tests/test_repository",""
"","0","TestRatingService_CreateRating/invalid_class","","Wed Oct 23 22:56:11 UTC 2024","passed","Wed Oct 23 22:56:11 UTC 2024","","PPO_BMSTU/tests/unit_tests/test_service","PPO_BMSTU/tests/unit_tests/test_service",""
"","0","TestRaceServiceDeleteRace","","Wed Oct 23 22:56:11 UTC 2024","passed","Wed Oct 23 22:56:11 UTC 2024","","PPO_BMSTU/tests/unit_tests/test_service","PPO_BMSTU/tests/unit_tests/test_service",""
"","0","TestRatingServiceAttachJudgeToRating/Success","","Wed Oct 23 22:56:11 UTC 2024","passed","Wed Oct 23 22:56:11 UTC 2024","","PPO_BMSTU/tests/unit_tests/test_service","PPO_BMSTU/tests/unit_tests/test_service",""
"","0","TestRaceServiceGetRacesDataByRatingID/get_races_by_rating_id_success_test","","Wed Oct 23 22:56:11 UTC 2024","passed","Wed Oct 23 22:56:11 UTC 2024","","PPO_BMSTU/tests/unit_tests/test_service","PPO_BMSTU/tests/unit_tests/test_service",""
"","0","TestCrewServiceReplaceParticipantStatusInCrew","","Wed Oct 23 22:56:11 UTC 2024","passed","Wed Oct 23 22:56:11 UTC 2024","","PPO_BMSTU/tests/unit_tests/test_service","PPO_BMSTU/tests/unit_tests/test_service",""
"","0","TestProtestServiceGetProtestParticipantsIDByID","","Wed Oct 23 22:56:11 UTC 2024","passed","Wed Oct 23 22:56:11 UTC 2024","","PPO_BMSTU/tests/unit_tests/test_service","PPO_BMSTU/tests/unit_tests/test_service",""
"","0","TestJudgeService_GetJudgeByID","","Wed Oct 23 22:56:11 UTC 2024","passed","Wed Oct 23 22:56:11 UTC 2024","","PPO_BMSTU/tests/unit_tests/test_service","PPO_BMSTU/tests/unit_tests/test_service",""
"","0","TestParticipantServiceCreate/Success","","Wed Oct 23 22:56:11 UTC 2024","passed","Wed Oct 23 22:56:11 UTC 2024","","PPO_BMSTU/tests/unit_tests/test_service","PPO_BMSTU/tests/unit_tests/test_service",""
"","0","TestJudgeServiceCreate/invalid_password","","Wed Oct 23 22:56:11 UTC 2024","passed","Wed Oct 23 22:56:11 UTC 2024","","PPO_BMSTU/tests/unit_tests/test_service","PPO_BMSTU/tests/unit_tests/test_service",""
"","0","TestICrewRepository/TestCrewRepositoryReplaceParticipantStatusInCrew_Failure","","Wed Oct 23 22:56:05 UTC 2024","passed","Wed Oct 23 22:56:05 UTC 2024","","PPO_BMSTU/tests/unit_tests/test_repository","PPO_BMSTU/tests/unit_tests/test_repository",""
"","0","TestIProtestRepository/TestProtestRepositoryAttachCrewToProtest_Success","","Wed Oct 23 22:56:05 UTC 2024","passed","Wed Oct 23 22:56:05 UTC 2024","","PPO_BMSTU/tests/unit_tests/test_repository","PPO_BMSTU/tests/unit_tests/test_repository",""
"","0","TestProtestServiceCreate","","Wed Oct 23 22:56:11 UTC 2024","passed","Wed Oct 23 22:56:11 UTC 2024","","PPO_BMSTU/tests/unit_tests/test_service","PPO_BMSTU/tests/unit_tests/test_service",""
"","0","TestParticipantServiceCreate/invalid_gender","","Wed Oct 23 22:56:11 UTC 2024","passed","Wed Oct 23 22:56:11 UTC 2024","","PPO_BMSTU/tests/unit_tests/test_service","PPO_BMSTU/tests/unit_tests/test_service",""
"","0","TestCrewServiceDetachParticipantFromCrew","","Wed Oct 23 22:56:11 UTC 2024","passed","Wed Oct 23 22:56:11 UTC 2024","","PPO_BMSTU/tests/unit_tests/test_service","PPO_BMSTU/tests/unit_tests/test_service",""
"","0","TestRatingServiceGetRatingDataByID/get_rating_by_id_error","","Wed Oct 23 22:56:11 UTC 2024","passed","Wed Oct 23 22:56:11 UTC 2024","","PPO_BMSTU/tests/unit_tests/test_service","PPO_BMSTU/tests/unit_tests/test_service",""
"","0","TestRatingServiceUpdateRatingByID/Success","","Wed Oct 23 22:56:11 UTC 2024","passed","Wed Oct 23 22:56:11 UTC 2024","","PPO_BMSTU/tests/unit_tests/test_service","PPO_BMSTU/tests/unit_tests/test_service",""
"","0","TestRaceServiceGetRaceDataByID/get_race_by_id_success_test","","Wed Oct 23 22:56:11 UTC 2024","passed","Wed Oct 23 22:56:11 UTC 2024","","PPO_BMSTU/tests/unit_tests/test_service","PPO_BMSTU/tests/unit_tests/test_service",""
"","0","TestJudgeServiceUpdateProfile/crew_not_found","","Wed Oct 23 22:56:11 UTC 2024","passed","Wed Oct 23 22:56:11 UTC 2024","","PPO_BMSTU/tests/unit_tests/test_service","PPO_BMSTU/tests/unit_tests/test_service",""
"","0","TestJudgeServiceCreate/Success","","Wed Oct 23 22:56:11 UTC 2024","passed","Wed Oct 23 22:56:11 UTC 2024","","PPO_BMSTU/tests/unit_tests/test_service","PPO_BMSTU/tests/unit_tests/test_service",""
"","0","TestRatingRepositoryTestSuite/TestAttachJudgeToRating_Failure","","Wed Oct 23 22:56:05 UTC 2024","passed","Wed Oct 23 22:56:05 UTC 2024","","PPO_BMSTU/tests/unit_tests/test_repository","PPO_BMSTU/tests/unit_tests/test_repository",""
"","0","TestJudgeRepository/TestJudgeRepositoryDelete_Success","","Wed Oct 23 22:56:05 UTC 2024","passed","Wed Oct 23 22:56:05 UTC 2024","","PPO_BMSTU/tests/unit_tests/test_repository","PPO_BMSTU/tests/unit_tests/test_repository",""
"","0","TestCrewService_CreateCrew/create_crew_success_test","","Wed Oct 23 22:56:11 UTC 2024","passed","Wed Oct 23 22:56:11 UTC 2024","","PPO_BMSTU/tests/unit_tests/test_service","PPO_BMSTU/tests/unit_tests/test_service",""
"","0","TestProtestServiceUpdate/invalid_status","","Wed Oct 23 22:56:11 UTC 2024","passed","Wed Oct 23 22:56:11 UTC 2024","","PPO_BMSTU/tests/unit_tests/test_service","PPO_BMSTU/tests/unit_tests/test_service",""
"","0","TestRatingRepositoryTestSuite/TestCreateRating_Failure","","Wed Oct 23 22:56:05 UTC 2024","passed","Wed Oct 23 22:56:05 UTC 2024","","PPO_BMSTU/tests/unit_tests/test_repository","PPO_BMSTU/tests/unit_tests/test_repository",""
"","0","TestIParticipantRepository/TestParticipantRepositoryGetByProtestID_Success","","Wed Oct 23 22:56:05 UTC 2024","passed","Wed Oct 23 22:56:05 UTC 2024","","PPO_BMSTU/tests/unit_tests/test_repository","PPO_BMSTU/tests/unit_tests/test_repository",""
"","0","TestProtestServiceCompleteReview/Success","","Wed Oct 23 22:56:11 UTC 2024","passed","Wed Oct 23 22:56:11 UTC 2024","","PPO_BMSTU/tests/unit_tests/test_service","PPO_BMSTU/tests/unit_tests/test_service",""
"","0","TestJudgeServiceCreate","","Wed Oct 23 22:56:11 UTC 2024","passed","Wed Oct 23 22:56:11 UTC 2024","","PPO_BMSTU/tests/unit_tests/test_service","PPO_BMSTU/tests/unit_tests/test_service",""
"","0","TestIParticipantRepository/TestParticipantRepositoryDelete_Success","","Wed Oct 23 22:56:05 UTC 2024","passed","Wed Oct 23 22:56:05 UTC 2024","","PPO_BMSTU/tests/unit_tests/test_repository","PPO_BMSTU/tests/unit_tests/test_repository",""
"","0","TestRatingRepositoryTestSuite/TestGetRatingByID_Failure","","Wed Oct 23 22:56:05 UTC 2024","passed","Wed Oct 23 22:56:05 UTC 2024","","PPO_BMSTU/tests/unit_tests/test_repository","PPO_BMSTU/tests/unit_tests/test_repository",""
"","0","TestIProtestRepository/TestProtestRepositoryDelete_Failure","","Wed Oct 23 22:56:05 UTC 2024","passed","Wed Oct 23 22:56:05 UTC 2024","","PPO_BMSTU/tests/unit_tests/test_repository","PPO_BMSTU/tests/unit_tests/test_repository",""
"","0","TestRaceServiceMakeFinishProcedure/GetRaceDataByID_error","","Wed Oct 23 22:56:11 UTC 2024","passed","Wed Oct 23 22:56:11 UTC 2024","","PPO_BMSTU/tests/unit_tests/test_service","PPO_BMSTU/tests/unit_tests/test_service",""
"","0","TestProtestServiceGetProtestDataByID/protest_not_found","","Wed Oct 23 22:56:11 UTC 2024","passed","Wed Oct 23 22:56:11 UTC 2024","","PPO_BMSTU/tests/unit_tests/test_service","PPO_BMSTU/tests/unit_tests/test_service",""
"","0","TestProtestServiceGetProtestDataByID/get_protest_by_id_error","","Wed Oct 23 22:56:11 UTC 2024","passed","Wed Oct 23 22:56:11 UTC 2024","","PPO_BMSTU/tests/unit_tests/test_service","PPO_BMSTU/tests/unit_tests/test_service",""
"","0","TestIParticipantRepository/TestParticipantRepositoryGetByProtestID_Failure","","Wed Oct 23 22:56:05 UTC 2024","passed","Wed Oct 23 22:56:05 UTC 2024","","PPO_BMSTU/tests/unit_tests/test_repository","PPO_BMSTU/tests/unit_tests/test_repository",""
"","0","TestRaceRepositoryTestSuite/TestGetRaceDataByID_Success","","Wed Oct 23 22:56:05 UTC 2024","passed","Wed Oct 23 22:56:05 UTC 2024","","PPO_BMSTU/tests/unit_tests/test_repository","PPO_BMSTU/tests/unit_tests/test_repository",""
"","0","TestCrewServiceUpdateCrewByID","","Wed Oct 23 22:56:11 UTC 2024","passed","Wed Oct 23 22:56:11 UTC 2024","","PPO_BMSTU/tests/unit_tests/test_service","PPO_BMSTU/tests/unit_tests/test_service",""
"","0","TestProtestServiceUpdate/update_failed","","Wed Oct 23 22:56:11 UTC 2024","passed","Wed Oct 23 22:56:11 UTC 2024","","PPO_BMSTU/tests/unit_tests/test_service","PPO_BMSTU/tests/unit_tests/test_service",""
"","0","TestJudgeRepository/TestJudgeRepositoryGetJudgeDataByProtestID_Failure","","Wed Oct 23 22:56:05 UTC 2024","passed","Wed Oct 23 22:56:05 UTC 2024","","PPO_BMSTU/tests/unit_tests/test_repository","PPO_BMSTU/tests/unit_tests/test_repository",""
"","0","TestRatingRepositoryTestSuite/TestUpdateRating_Failure","","Wed Oct 23 22:56:05 UTC 2024","passed","Wed Oct 23 22:56:05 UTC 2024","","PPO_BMSTU/tests/unit_tests/test_repository","PPO_BMSTU/tests/unit_tests/test_repository",""
"","0","TestJudgeServiceUpdateProfile/invalid_role","","Wed Oct 23 22:56:11 UTC 2024","passed","Wed Oct 23 22:56:11 UTC 2024","","PPO_BMSTU/tests/unit_tests/test_service","PPO_BMSTU/tests/unit_tests/test_service",""
"","0","TestCrewResInRaceRepository","","Wed Oct 23 22:56:05 UTC 2024","passed","Wed Oct 23 22:56:05 UTC 2024","","PPO_BMSTU/tests/unit_tests/test_repository","PPO_BMSTU/tests/unit_tests/test_repository",""
"","0","TestCrewServiceGetCrewDataByID/get_crew_by_id_success_test","","Wed Oct 23 22:56:11 UTC 2024","passed","Wed Oct 23 22:56:11 UTC 2024","","PPO_BMSTU/tests/unit_tests/test_service","PPO_BMSTU/tests/unit_tests/test_service",""
"","0","TestCrewServiceReplaceParticipantStatusInCrew/Success","","Wed Oct 23 22:56:11 UTC 2024","passed","Wed Oct 23 22:56:11 UTC 2024","","PPO_BMSTU/tests/unit_tests/test_service","PPO_BMSTU/tests/unit_tests/test_service",""
"","0","TestJudgeServiceCreate/judgeView_already_exists","","Wed Oct 23 22:56:11 UTC 2024","passed","Wed Oct 23 22:56:11 UTC 2024","","PPO_BMSTU/tests/unit_tests/test_service","PPO_BMSTU/tests/unit_tests/test_service",""
"","0","TestCrewService_CreateCrew/crew_creation_error","","Wed Oct 23 22:56:11 UTC 2024","passed","Wed Oct 23 22:56:11 UTC 2024","","PPO_BMSTU/tests/unit_tests/test_service","PPO_BMSTU/tests/unit_tests/test_service",""
